track_id,predicted_key,error
10,F# major,
141,F major,
153,E major,
181,B major,
213,D major,
173,B major,
184,Bb major,
251,A major,
347,A minor,
331,A minor,
411,G major,
384,Ab major,
532,D# minor,
534,G# minor,
533,F minor,
535,B major,
538,Ab major,
536,E major,
540,Ab major,
542,D minor,
547,Ab major,
546,Ab major,
549,Ab major,
564,C minor,
567,Bb major,
565,E major,
566,C major,
569,B major,
571,F# major,
570,A minor,
572,E major,
579,E minor,
573,G minor,
574,G# minor,
580,A minor,
608,D minor,
611,C major,
610,Bb major,
612,G major,
634,A minor,
625,C major,
670,C# minor,
671,C# minor,
678,G# minor,
679,C# minor,
692,A major,
705,B minor,
805,C major,
814,F# major,
708,G major,
706,F minor,
1007,D major,
1014,C minor,
1015,C minor,
1016,C# minor,
1045,D minor,
1042,D minor,
1044,D minor,
1017,C minor,
1073,E minor,
1046,G# minor,
1049,C minor,
1050,E minor,
1076,B minor,
1085,D minor,
1086,E minor,
1088,B minor,
1083,C minor,
1091,A minor,
1133,D major,
1156,E minor,
1116,D# minor,
1157,B minor,
1159,G major,
1160,E major,
1162,E major,
1161,E minor,
1163,E minor,
1168,A minor,
1165,A minor,
1170,C major,
1167,C minor,
1172,A minor,
1171,E minor,
1174,F# minor,
1173,F# minor,
1175,A minor,
1177,C# minor,
1181,D major,
1183,E major,
1179,D major,
1182,A major,
1186,A minor,
1187,A minor,
1190,E minor,
1189,F# minor,
1194,A minor,
1192,C minor,
1191,C major,
1193,E major,
1199,Bb minor,
1198,D minor,
1232,Db major,
1219,C major,
1275,E minor,
1231,A major,
1277,Ab major,
1235,F# major,
1354,D major,
1381,A minor,
1420,E minor,
1417,E major,
1419,E minor,
1418,A major,
1450,Bb major,
1474,B minor,
1451,G major,
1475,Eb major,
1476,G minor,
1499,C major,
1526,Bb minor,
1529,C# minor,
1531,F# major,
1530,A major,
1536,E minor,
1534,G major,
1535,C minor,
1540,E major,
1541,C# minor,
1546,A major,
1542,A minor,
1590,D major,
1592,D minor,
1593,C# minor,
1596,G major,
1595,B minor,
1599,A major,
1603,D# minor,
1601,C# minor,
1604,E minor,
1611,C major,
1605,A minor,
1610,A minor,
1612,E major,
1615,C major,
1614,D major,
1616,A minor,
1617,A minor,
1618,C major,
1619,A minor,
1643,E major,
1727,D major,
1708,B minor,
1841,Db major,
1844,C major,
1887,C major,
1886,E major,
1893,G major,
1892,E minor,
1894,C major,
1895,A minor,
1898,C minor,
1899,A minor,
1896,Db major,
1900,D major,
1913,D major,
1914,C major,
1901,C major,
1920,G major,
1923,G major,
1940,G major,
1941,E minor,
1942,F minor,
2070,Bb major,
1944,E minor,
2099,Db major,
2126,A minor,
2127,G major,
3429,C major,
3465,C major,
3542,C major,
3545,G major,
3581,E major,
3619,E major,
3612,B minor,
3700,C# minor,
3694,E minor,
3702,E minor,
3741,D major,
3941,E major,
3863,C major,
3853,D major,
3956,B minor,
4195,B major,
4198,Bb major,
4203,G major,
4206,C major,
4211,G major,
4345,G major,
4224,E minor,
4350,G major,
4401,E major,
4402,C minor,
4403,E major,
4400,A minor,
4776,A minor,
4717,C major,
4684,G minor,
4798,D minor,
4686,F# minor,
4856,A minor,
4858,G minor,
4928,G major,
4926,Bb minor,
4929,G minor,
4971,G minor,
4886,E major,
5007,E major,
4989,G minor,
4994,D major,
5012,G major,
5023,G major,
5021,D major,
5049,F# minor,
5050,Bb major,
5051,Ab major,
5055,F major,
5052,C major,
5054,C major,
5056,G major,
5059,G major,
5058,Db major,
5060,D major,
5061,B major,
5078,A minor,
5095,C major,
5153,A major,
5064,D major,
5178,E major,
5179,D major,
5181,E major,
5195,G major,
5192,E major,
5240,G# minor,
5376,E minor,
5562,A major,
5566,D major,
5619,G major,
5601,G major,
5990,C major,
6603,G minor,
6460,E major,
6607,G# minor,
6669,C major,
7011,A minor,
6670,C major,
7014,G major,
7012,G major,
7015,C major,
7179,B minor,
7202,G major,
7390,A major,
7391,D major,
7477,A major,
7481,D# minor,
7456,A major,
7482,C# minor,
7487,Bb major,
7484,C minor,
7488,F minor,
7489,D# minor,
7529,G major,
7490,F minor,
7492,F major,
7528,A minor,
7893,C major,
7713,Bb major,
7896,A major,
7827,Db major,
7898,A minor,
7901,A major,
7934,G minor,
8017,E major,
7995,E minor,
8910,D# minor,
8913,F# major,
8914,B minor,
8283,E minor,
8915,Ab major,
9486,A major,
9487,C major,
9488,E major,
9485,C major,
9489,D minor,
9491,C minor,
9510,Bb major,
9494,B minor,
9581,G major,
9583,G major,
9587,B minor,
9655,G major,
9659,C major,
9662,Ab major,
9663,Eb major,
9664,Bb major,
9695,F major,
9665,C major,
9666,C major,
9867,Bb major,
9866,Bb major,
9699,C minor,
9904,Ab major,
9906,Bb major,
9907,Eb major,
9905,F major,
9913,Eb major,
9916,Ab major,
9986,Bb major,
9985,G major,
9987,B minor,
9988,B minor,
9989,E minor,
9990,E minor,
9999,B minor,
10000,F major,
10001,E major,
10002,D minor,
10003,F# minor,
10109,F minor,
10194,D minor,
10190,A minor,
10060,E minor,
10382,D# minor,
10381,A minor,
10388,C major,
10412,C major,
10408,A minor,
10383,F# minor,
10415,Db major,
10433,C major,
10438,A major,
10440,G major,
10439,D major,
10441,C minor,
10443,C minor,
10442,Bb minor,
10518,E major,
10447,G minor,
10604,G major,
10575,E major,
11019,G# minor,
10992,E minor,
11135,F minor,
11154,F minor,
11205,D minor,
10941,D minor,
11304,D major,
11156,F minor,
11305,E minor,
11306,D major,
11307,E minor,
11310,A minor,
11434,A major,
11309,D minor,
11308,E major,
11438,E major,
11472,F major,
11444,G minor,
11477,G major,
11657,C major,
11623,G major,
11938,A minor,
11436,E minor,
11954,Eb major,
11940,E minor,
11960,Ab major,
11956,G major,
12000,B major,
11999,D minor,
12013,D minor,
12018,G minor,
12014,E minor,
12020,G minor,
12021,D major,
12003,C major,
12100,D minor,
12008,A major,
12131,A minor,
12176,A minor,
12105,F major,
12147,D minor,
12191,B minor,
12389,A major,
12189,Bb minor,
12290,G minor,
12491,Bb major,
12492,D minor,
12390,C major,
12494,D minor,
12496,G# minor,
12500,G minor,
12497,D minor,
12501,A minor,
12502,E major,
12507,Bb major,
12503,C minor,
12504,C minor,
12556,Ab major,
12650,B minor,
12592,C major,
12590,C major,
12672,G major,
12851,G# minor,
12855,F# major,
12901,F# minor,
12676,G minor,
12946,Eb major,
12945,A major,
12951,Ab major,
12947,C major,
12953,Bb major,
13079,F# major,
13088,C major,
13090,C# minor,
13217,Db major,
13177,G# minor,
13247,A minor,
13200,D minor,
13249,A minor,
13362,E minor,
13324,G# minor,
13328,F minor,
13380,G minor,
13474,D minor,
13459,D minor,
13569,E minor,
13591,D minor,
13597,E minor,
13709,C minor,
13765,G major,
13912,G major,
13776,G# minor,
13927,E major,
13914,E major,
13939,C major,
13967,E major,
13938,C major,
13976,A major,
13980,E major,
14006,D major,
14007,D major,
14010,C major,
13998,A major,
14012,A major,
14014,E major,
14019,G major,
14016,E minor,
14020,F major,
14032,E major,
14039,A minor,
14033,G major,
14035,G major,
14063,C major,
14068,G# minor,
14130,D minor,
14067,F minor,
14064,F# major,
14131,G# minor,
14132,E major,
14229,G minor,
14152,C minor,
14191,C minor,
14240,E minor,
14245,C minor,
14244,A minor,
14243,B minor,
14263,C major,
14279,D minor,
14282,D major,
14281,D minor,
14284,D minor,
14283,G minor,
14289,G minor,
14286,D major,
14287,D minor,
14288,D major,
14347,A minor,
14345,A major,
14364,F# minor,
14365,C minor,
14372,F minor,
14384,D major,
14375,Bb major,
14386,B minor,
14479,E minor,
14635,C# minor,
14643,Eb major,
14651,C major,
14653,Eb major,
14684,E major,
14661,C major,
14657,G major,
14685,G major,
14693,A major,
14686,D# minor,
14738,D major,
14737,E minor,
14747,F minor,
14882,D major,
14886,C major,
14748,G minor,
14796,C# minor,
14887,E minor,
14895,G major,
14896,E major,
14891,E major,
14897,E major,
14908,G major,
14907,C major,
14934,E major,
14922,D minor,
14941,D major,
14942,A major,
14952,A major,
14935,E major,
14953,G major,
14957,A major,
14959,G major,
14954,E major,
14964,A major,
14969,G major,
14978,G major,
14968,E minor,
14967,D minor,
14979,C minor,
14990,E minor,
15000,A major,
14999,A minor,
15142,Ab major,
15001,E minor,
15124,E major,
15044,E major,
15228,A minor,
15307,G major,
15446,B minor,
15438,Bb minor,
15441,B minor,
15479,G major,
15953,D major,
15893,C major,
15763,D minor,
15954,C# minor,
15956,D minor,
15958,C# minor,
16062,D major,
15957,A minor,
16115,C minor,
16117,C major,
16119,F# major,
16118,A minor,
16120,Bb major,
16121,F major,
16123,F minor,
16124,C major,
16122,G major,
16126,A minor,
16127,E minor,
16128,G minor,
16241,Bb minor,
16157,F minor,
16242,D minor,
16248,B minor,
16354,D# minor,
16343,C major,
16392,D major,
16651,F minor,
16650,F minor,
16652,G minor,
16655,E minor,
16673,Bb major,
16657,A minor,
16692,E minor,
16690,G# minor,
16695,F# major,
16697,C# minor,
16696,E major,
16699,G major,
16702,C# minor,
16983,D minor,
17132,A major,
16703,E major,
17133,F# major,
17327,A minor,
17355,A minor,
17328,Ab major,
17364,D major,
17524,A major,
17439,F minor,
17576,C minor,
17589,D major,
17571,E minor,
17601,D major,
17595,C# minor,
17602,F# major,
17603,D major,
17831,G major,
17845,B minor,
17992,B major,
17839,B minor,
18101,E major,
18113,A major,
18104,E major,
18140,A major,
18141,E major,
18142,A minor,
18307,B minor,
18383,B major,
18347,C major,
18384,A major,
18586,C minor,
18394,B minor,
18584,D major,
18599,D minor,
18642,Eb major,
18603,Bb major,
18616,D major,
18636,Db major,
18694,Ab major,
18683,E minor,
18712,F major,
18710,A minor,
18713,Eb major,
18715,Bb major,
18742,B minor,
18743,G major,
18744,E major,
18745,C major,
18746,A minor,
18751,A major,
18747,G minor,
18753,B minor,
18803,G minor,
18823,E major,
18887,A minor,
19207,Eb major,
18888,E minor,
19070,C major,
18891,G major,
19253,B minor,
19246,F# minor,
19250,G minor,
19252,G minor,
19256,D minor,
19255,B minor,
19254,E minor,
19257,D minor,
19261,E minor,
19264,D minor,
19260,D minor,
19297,D major,
19322,G major,
19392,Bb major,
19323,D major,
19397,D minor,
19426,G major,
19440,E minor,
19443,F# minor,
19424,C# minor,
19539,E minor,
19638,C minor,
19637,F major,
19649,E minor,
19658,G minor,
19639,F minor,
19668,G# minor,
19670,D minor,
19671,B minor,
19680,G major,
19683,C major,
19684,C minor,
19708,Db major,
19707,D major,
19718,F# minor,
19720,D# minor,
19721,F minor,
19722,F# minor,
19705,C minor,
19724,G major,
19726,Ab major,
19757,G minor,
19741,D minor,
20013,A minor,
20033,D major,
19742,Bb minor,
20044,F major,
20052,D major,
20053,C major,
20055,B major,
20123,D major,
20129,A major,
20152,B major,
20206,Ab major,
20124,G minor,
20227,E major,
20230,E minor,
20256,B minor,
20210,C major,
20229,G major,
20265,Ab major,
20263,F# minor,
20266,F# major,
20432,B major,
20690,F minor,
20434,Eb major,
20565,G major,
20824,B minor,
20761,D# minor,
21011,A minor,
20826,Bb major,
21014,D minor,
21064,Ab major,
21065,Ab major,
21083,G major,
21084,A major,
21085,B minor,
21189,E major,
21086,B major,
21260,G minor,
21100,D# minor,
21220,Eb major,
21202,D major,
21298,G major,
21302,Eb major,
21368,F major,
21381,Bb major,
21379,F# major,
21378,D minor,
21553,G major,
21556,G# minor,
21557,Bb major,
21555,G major,
21559,C# minor,
21823,A minor,
21617,G major,
21827,D major,
21820,G minor,
21826,F minor,
21828,D major,
21831,E minor,
21829,C major,
21834,F minor,
22058,Bb major,
21859,C minor,
21860,G minor,
22061,Bb major,
21961,C# minor,
22060,Ab major,
22059,E major,
22097,Eb major,
22062,E minor,
22195,B major,
22284,C major,
22285,C major,
22295,F# minor,
22311,G major,
22317,E minor,
22318,F minor,
22328,Eb major,
22322,C# minor,
22323,E minor,
22319,G major,
22563,G major,
22556,D minor,
22562,D major,
22453,C minor,
22954,G minor,
22974,D minor,
22943,E major,
22996,A minor,
22997,Bb minor,
22576,D minor,
23011,G major,
23014,F# minor,
23015,E major,
23025,G major,
23026,D major,
23059,D major,
23060,E major,
23107,E minor,
23108,E minor,
23096,F# minor,
23172,A minor,
23173,A major,
23177,E minor,
23181,A major,
23339,F# major,
23338,B major,
23340,D major,
23341,E major,
23370,Bb major,
23342,C major,
23371,D# minor,
23797,C minor,
23800,F minor,
23808,D# minor,
23851,A major,
23856,C minor,
23857,C minor,
23859,C minor,
23861,F# minor,
23862,C minor,
23888,E minor,
24014,A minor,
24015,F# major,
24016,C major,
24017,C major,
24106,A major,
24227,Bb major,
24228,A major,
24229,C major,
24230,A major,
24240,G major,
24238,C major,
24241,A major,
24254,G major,
24258,E major,
24255,E major,
24256,E major,
24257,E major,
24262,E minor,
24264,B major,
24270,D minor,
24271,F minor,
24272,D minor,
24274,A minor,
24736,C major,
24737,A major,
24856,D minor,
24866,C# minor,
24876,C major,
24868,Ab major,
24877,G minor,
24937,D minor,
24938,A minor,
24939,F major,
24941,E major,
25062,B major,
25086,A major,
24942,D minor,
25085,G major,
25087,G# minor,
25090,E minor,
25636,G# minor,
25637,A minor,
25795,A minor,
25796,A minor,
25798,D minor,
25799,A minor,
25906,A major,
25907,A major,
25908,A major,
25800,D# minor,
26024,G minor,
25909,Bb major,
26169,C major,
26171,C# minor,
26173,B major,
26174,G major,
26176,C major,
26175,C major,
26177,F major,
26178,F major,
26242,B minor,
26673,A minor,
26179,Bb major,
26311,C major,
26679,D minor,
26737,G minor,
26680,A minor,
26894,E major,
26721,F# major,
26901,E major,
27183,D# minor,
27177,D minor,
27127,F minor,
27179,D minor,
27224,C major,
27223,A minor,
27222,D minor,
27230,A minor,
27232,D major,
27233,G major,
27231,A minor,
27235,A major,
27258,G minor,
27548,B major,
27549,C minor,
27607,D minor,
27844,G major,
27550,E minor,
27845,C major,
27846,F# major,
27859,F major,
27861,Bb major,
27853,F# major,
27862,G major,
27864,G major,
27865,D major,
28070,C major,
27979,G# minor,
28084,C minor,
28252,C minor,
28365,F major,
28364,F major,
28266,E major,
28377,G minor,
28400,B major,
28396,B major,
28388,G minor,
28398,B major,
28427,E major,
28428,F# major,
28429,E major,
28430,A major,
28431,B major,
28545,A major,
28435,F# minor,
28589,B minor,
28548,G major,
28599,G major,
28647,G minor,
28777,G major,
28783,D major,
28811,G major,
28810,A minor,
28814,E minor,
28832,C minor,
28834,D minor,
28833,B minor,
29046,F major,
29047,Ab major,
28835,E minor,
29265,G major,
29267,G major,
29271,C major,
29268,Eb major,
29447,D major,
29449,C major,
29450,A major,
29451,E minor,
29452,C major,
29453,G major,
29455,D minor,
29454,D minor,
29457,B minor,
29456,B minor,
29458,D minor,
29459,B minor,
29467,C minor,
29461,C major,
29469,D minor,
29470,Eb major,
29471,E minor,
29472,A minor,
29473,A minor,
29474,D minor,
29475,B minor,
29478,D minor,
29477,G# minor,
29476,D minor,
29479,Eb major,
29480,D minor,
29527,B major,
29526,C major,
29529,C major,
29528,C major,
29530,C minor,
29532,C major,
29586,B minor,
29584,A minor,
29605,D# minor,
29609,A minor,
29611,A minor,
29610,A minor,
29626,B minor,
29625,G# minor,
29739,G major,
29627,B major,
29818,Bb major,
29844,D major,
29819,E major,
29846,G major,
29943,Ab major,
29849,D major,
29851,D major,
30015,F major,
30023,D minor,
30026,D minor,
30018,G major,
30025,D minor,
30027,A major,
30033,D major,
30028,D minor,
30030,C major,
30039,A major,
30042,B minor,
30035,F# major,
30040,F# major,
30044,F major,
30047,C major,
30045,E major,
30049,F# minor,
30048,E minor,
30050,D major,
30052,Db major,
30051,E major,
30053,F minor,
30055,C major,
30058,C minor,
30117,B minor,
30056,G minor,
30149,Eb major,
30148,Eb major,
30363,C major,
30362,C major,
30366,C major,
30369,G minor,
30370,C minor,
30518,F# major,
30519,Bb minor,
30520,G# minor,
30521,F# major,
30544,D minor,
30838,Ab major,
30839,Db major,
30840,E major,
30847,Bb major,
30842,D major,
30846,B major,
30977,F major,
30848,C major,
30978,G# minor,
30979,D minor,
30982,D major,
30980,D minor,
30981,C minor,
30983,C# minor,
30986,D minor,
30984,A major,
30989,E minor,
31126,D minor,
31160,F minor,
31012,G minor,
31152,G# minor,
31201,D# minor,
31202,F# major,
31206,E major,
31208,F minor,
31207,A minor,
31218,Eb major,
31209,B minor,
31220,F major,
31222,B minor,
31223,D major,
31221,D minor,
31231,C major,
31224,F major,
31345,B minor,
31227,C major,
31257,D minor,
31346,Db major,
31357,F# minor,
31359,D minor,
31362,E major,
31358,B major,
31363,D major,
31367,C minor,
31365,F# minor,
31366,E minor,
31426,C major,
31428,G# minor,
31427,B minor,
31433,D major,
31435,E minor,
31438,B major,
31437,E minor,
31436,C major,
31439,B major,
31441,E major,
31440,E major,
31446,D major,
31458,C minor,
31569,G major,
31577,A minor,
31573,A major,
31578,A major,
31866,G minor,
31871,C minor,
31636,B minor,
31629,A minor,
31991,Bb major,
31992,E minor,
31993,A minor,
31994,Bb major,
31995,G major,
31999,G major,
32000,E major,
32002,C major,
32001,G major,
32006,E major,
32007,G minor,
32005,G minor,
32008,C minor,
32011,A major,
32012,Eb major,
32068,D minor,
32177,D major,
32013,B minor,
32365,B major,
32399,E major,
32575,A minor,
32577,E major,
32581,D major,
32696,E minor,
32611,Bb minor,
32613,F minor,
32699,C major,
32697,B minor,
32698,A minor,
32700,G major,
32701,E major,
32703,C major,
32702,B major,
32706,E minor,
32704,G# minor,
32705,G major,
32749,C major,
32756,G minor,
32751,C# minor,
32759,E major,
32771,F major,
32773,F major,
32802,A major,
32803,F major,
32805,E major,
32831,A minor,
32806,C major,
32844,B minor,
32869,Eb major,
32898,A minor,
33124,G major,
32900,G minor,
32899,A minor,
33171,E minor,
33184,Ab major,
33152,A major,
33199,G major,
33235,D major,
33200,D# minor,
33234,G minor,
33263,C major,
33277,A major,
33264,C major,
33276,G major,
33279,D major,
33289,C major,
33300,Ab major,
33301,A major,
33303,Eb major,
33305,G major,
33306,B major,
33307,D major,
33308,F major,
33309,Db major,
33325,Db major,
33310,C major,
33312,Bb major,
33449,A minor,
33454,G major,
33525,Bb minor,
33591,Bb major,
33603,F# minor,
33629,E minor,
33615,E minor,
33850,Bb major,
33985,A major,
33994,E major,
34083,C major,
34082,C major,
34085,Eb major,
34119,C major,
34334,D# minor,
34442,E minor,
34500,F# major,
34503,G major,
34501,A major,
34456,E minor,
34449,E minor,
34976,Db major,
35084,Ab major,
34978,G minor,
35086,C minor,
35342,F major,
35219,F major,
35525,D major,
35532,D minor,
35537,F minor,
35534,A minor,
35543,E minor,
35544,A minor,
35549,G major,
35547,E minor,
35548,E minor,
35552,E major,
35754,Db major,
35750,B major,
35553,D major,
36050,E minor,
36051,E minor,
36053,B minor,
36052,G minor,
36054,Bb minor,
36056,C minor,
36057,Bb minor,
36121,D# minor,
35773,Ab major,
36125,E minor,
36126,E major,
36127,D minor,
36130,G major,
36128,C minor,
36384,B minor,
36131,D minor,
36385,E minor,
36389,E minor,
36388,G major,
36393,Bb minor,
36481,D major,
36482,D major,
36483,C major,
36484,G major,
36485,C major,
36486,D minor,
36487,G minor,
36573,G major,
36488,D minor,
36490,A minor,
36572,G major,
36576,Bb major,
36575,Bb major,
36574,G major,
36580,D major,
36577,A major,
36747,F major,
36737,E minor,
36749,C major,
36738,A minor,
36751,A minor,
36757,C major,
36579,E major,
36762,D major,
36764,F# major,
36765,F major,
36763,F# major,
36768,D# minor,
36771,Db major,
36774,B major,
36772,F# major,
36773,F# major,
37085,G minor,
37088,E minor,
37087,Eb major,
37096,E minor,
37106,B minor,
37110,B minor,
36777,F# major,
37107,E major,
37138,C major,
37457,D major,
37459,D major,
37368,Eb major,
37461,D major,
37593,Db major,
37622,Eb major,
37602,Ab major,
37623,E major,
37624,C minor,
37625,E major,
37627,Db major,
37626,C major,
37628,Bb major,
37876,D major,
37743,G major,
37711,D minor,
37713,D minor,
37956,G major,
37982,G major,
37983,E major,
37981,Bb major,
37984,E major,
38506,G# minor,
38508,D major,
37985,C major,
38510,G# minor,
38511,A minor,
38514,G major,
38548,A major,
38515,D# minor,
38555,Eb major,
38790,Bb minor,
38958,F# major,
38971,E minor,
38970,C minor,
38974,A minor,
38978,A minor,
38979,A minor,
38983,A minor,
39290,D# minor,
38981,E minor,
39330,C major,
39342,Bb major,
39332,G major,
39393,C# minor,
39357,A minor,
39361,G# minor,
39514,B minor,
39525,C major,
39526,C major,
39528,C major,
39527,Db major,
39529,G major,
39539,E minor,
39541,D# minor,
39542,D minor,
39549,C# minor,
39570,A minor,
39569,G major,
39573,E minor,
39575,F minor,
39574,A minor,
39580,D# minor,
39581,D# minor,
39587,C minor,
39586,B minor,
39583,C minor,
39588,F# minor,
39811,D# minor,
39930,G minor,
39932,B minor,
40234,F# minor,
39950,A minor,
40238,C major,
40240,G major,
40239,E minor,
40242,E major,
40243,G major,
40244,D minor,
40245,C major,
40266,A minor,
40321,C major,
40265,Bb minor,
40369,F# minor,
40373,F minor,
40487,G# minor,
40370,D# minor,
40488,C major,
40492,A major,
40491,D major,
40495,C major,
40496,C# minor,
40497,D major,
40553,F major,
40556,A major,
40557,D major,
40569,F major,
40619,C minor,
40618,F minor,
40621,C major,
40708,F# minor,
40709,E minor,
40623,C minor,
40707,C major,
40710,D minor,
40711,G minor,
40716,G major,
40714,G major,
40764,Eb major,
40719,C major,
40769,Bb major,
40771,F minor,
40773,Bb major,
40777,Db major,
40814,F# minor,
40848,C major,
40842,D minor,
40841,D# minor,
40843,C# minor,
40951,A major,
40984,A minor,
40849,F minor,
40985,Bb major,
40989,C# minor,
41010,G# minor,
40963,D minor,
41095,E major,
41104,G minor,
41122,D major,
41124,F minor,
41101,G# minor,
41284,F# major,
41125,F# major,
41299,G major,
41192,F# major,
41191,Bb minor,
41302,F# minor,
41487,D major,
41486,E major,
41515,G# minor,
41489,F major,
41516,G major,
41517,B major,
41520,G major,
41519,A minor,
41550,Bb major,
41569,G major,
41554,D minor,
41598,C major,
41599,D minor,
41601,C major,
41602,C major,
41600,C major,
41758,C minor,
41971,A minor,
41974,E minor,
41980,D minor,
41975,A minor,
41976,E major,
41981,G major,
41988,G major,
41982,E major,
42040,G# minor,
42044,A major,
42055,C minor,
42047,D major,
42056,A minor,
42057,F# major,
42059,F# major,
42060,E minor,
42058,A minor,
42062,G# minor,
42064,G# minor,
42065,A minor,
42348,B minor,
42350,C major,
42312,D major,
42349,D major,
42351,C major,
42434,A minor,
42657,F# major,
42432,E minor,
42740,F minor,
42742,F minor,
42745,D minor,
42744,D minor,
42747,Ab major,
42748,C major,
42757,A major,
42750,F major,
42756,D major,
42749,E minor,
42806,B major,
42803,D minor,
42834,D major,
42835,E major,
42836,A major,
42837,A minor,
43153,C minor,
43304,A minor,
43325,Eb major,
43402,D# minor,
43323,G minor,
43407,D# minor,
42758,C major,
43408,Eb major,
43493,A minor,
43411,Db major,
43497,C minor,
43499,C minor,
43502,D minor,
44099,A major,
44101,G major,
44100,D minor,
44102,G major,
44103,B minor,
44105,C major,
44106,B minor,
44108,D major,
44107,A major,
44109,E major,
44126,Db major,
44195,G minor,
44196,D minor,
44197,F minor,
44207,D minor,
44198,E minor,
44277,A minor,
44278,D minor,
44279,Bb minor,
44282,B minor,
44286,C# minor,
44285,C minor,
44401,E major,
44283,G# minor,
44799,D# minor,
44801,F# minor,
44423,C minor,
44821,F minor,
44822,C# minor,
44886,Db major,
44823,G minor,
44954,A minor,
45012,C major,
44896,F# major,
45099,E minor,
45060,C major,
45100,D minor,
45103,Db major,
45101,A minor,
45141,Bb major,
45166,D major,
45275,B minor,
45320,F major,
45332,G major,
45331,G major,
45334,D major,
45513,D major,
45514,E major,
45518,D major,
45515,B minor,
45517,C major,
45519,B major,
45520,G major,
45521,D major,
45523,C major,
45522,D major,
45562,E major,
45563,Db major,
45565,E minor,
45566,F major,
45568,B major,
45567,E minor,
46070,F major,
46088,A minor,
46126,E major,
46091,A major,
46129,E major,
46146,E major,
46334,D minor,
46339,A minor,
46362,E major,
46365,C major,
46514,D minor,
46508,D# minor,
46546,D major,
46547,D major,
46548,G major,
46549,E major,
46552,G major,
46550,C major,
46551,C major,
46553,E major,
46728,C minor,
46729,Eb major,
46735,F major,
46736,A major,
46737,A major,
46757,C minor,
46738,C minor,
46785,C major,
46786,D major,
46787,E major,
46788,G major,
46789,Ab major,
46790,F# major,
46791,G major,
46793,D major,
46796,G major,
46839,C minor,
46841,G major,
46842,B minor,
46843,E major,
46844,A minor,
46847,B minor,
46845,C minor,
46848,E major,
46850,D major,
46853,F major,
46852,E minor,
46854,A minor,
46855,F minor,
47023,A minor,
46856,C major,
47043,F minor,
47035,C major,
47042,A minor,
47041,G major,
47068,C minor,
47070,F major,
47044,E minor,
47069,G# minor,
47071,Eb major,
47073,D minor,
47072,D minor,
47075,C minor,
47076,D minor,
47077,G minor,
47238,D major,
47237,E major,
47243,E major,
47240,D major,
47242,G major,
47245,F major,
47343,C major,
47347,Eb major,
47365,G major,
47366,G major,
47368,C major,
47371,Eb major,
47454,E minor,
47369,F# minor,
47464,Bb minor,
47475,D major,
47477,G minor,
47478,A major,
47479,D major,
47480,C major,
47481,E major,
47482,E minor,
47483,F major,
47515,E minor,
47604,G major,
47559,B major,
47609,F# major,
47562,F minor,
47661,D minor,
47662,D major,
47612,F major,
47676,D major,
47739,A major,
47742,A minor,
47740,C major,
47771,E minor,
47894,F major,
47767,Db major,
47915,D minor,
47860,B major,
47916,F major,
47919,Bb major,
47917,C major,
47920,D major,
47921,G minor,
47923,F major,
47924,G major,
47922,C major,
47955,D minor,
48006,Db major,
48003,C major,
48055,E major,
48002,E major,
48056,F major,
48057,Eb major,
48058,G major,
48059,F major,
48060,E major,
48062,G major,
48063,C major,
48119,G minor,
48123,C minor,
48139,D major,
48125,G# minor,
48140,G major,
48142,C major,
48141,G major,
48144,D major,
48143,A major,
48146,G major,
48145,C major,
48147,Eb major,
48148,D major,
48149,G major,
48173,B minor,
48175,C major,
48176,A minor,
48177,A major,
48182,G# minor,
48178,D# minor,
48180,Bb major,
48183,A minor,
48184,A major,
48186,C minor,
48185,C minor,
48187,C major,
48189,Bb minor,
48194,C major,
48188,Bb minor,
48195,F# minor,
48198,C major,
48199,C major,
48203,D minor,
48202,G minor,
48204,C# minor,
48205,G minor,
48206,D# minor,
48223,F major,
48216,A minor,
48241,C major,
48242,F# major,
48243,G major,
48244,A major,
48245,G major,
48247,G major,
48248,G major,
48249,Bb major,
48290,D minor,
48291,G major,
48293,C major,
48294,G minor,
48297,G minor,
48615,E major,
48612,A major,
48619,G major,
48616,B minor,
48618,G minor,
48621,B major,
48620,D minor,
48789,F# major,
48622,B major,
48969,C major,
48957,A minor,
48961,D major,
49088,E minor,
49093,E minor,
49090,G major,
49097,F major,
49098,D minor,
49132,C major,
49430,G major,
49637,D minor,
49296,F major,
49638,Bb minor,
49438,C major,
49639,A major,
49641,A minor,
49640,E major,
49642,E minor,
49643,E minor,
49830,E major,
49831,G major,
49832,C major,
49833,D major,
49836,D minor,
49837,Bb major,
49838,C major,
49842,C major,
49847,B major,
49849,A major,
50049,G major,
49848,Eb major,
50048,C major,
50054,G major,
50051,F# minor,
50053,D minor,
50055,D major,
50092,G major,
50061,C# minor,
50099,E major,
50267,D minor,
50096,D major,
50272,E minor,
50298,B minor,
50282,D minor,
50370,C minor,
50424,F major,
50419,G major,
50423,C major,
50450,C major,
50451,D major,
50455,C major,
50453,G# minor,
50454,G minor,
50456,F# minor,
50457,B major,
50539,A minor,
50464,G major,
50595,F major,
50619,D major,
50623,D major,
50544,D major,
50723,C major,
50725,D major,
50724,C major,
50727,Bb major,
50726,Eb major,
50729,A major,
50728,G major,
50730,F major,
50731,D major,
50742,D major,
50732,D major,
50740,Bb major,
50741,C major,
50860,C# minor,
50862,C minor,
50743,D major,
50835,F major,
50863,C minor,
50864,E major,
50865,G major,
50868,F minor,
50882,G minor,
50869,F# major,
50891,E minor,
50910,C minor,
50905,C minor,
50911,A minor,
50892,A minor,
50912,C major,
50913,C minor,
50914,F major,
50927,D minor,
50936,C major,
50928,C minor,
50939,C major,
50940,C minor,
50944,C major,
50946,D minor,
50952,A major,
50959,F major,
50954,C minor,
50957,C major,
50955,C major,
50972,C major,
50973,E minor,
50990,C major,
51000,C minor,
50991,E minor,
51001,A minor,
50998,G# minor,
51008,A major,
51007,C major,
51038,F# major,
51118,C minor,
51129,F# major,
51127,D major,
51153,A minor,
51168,D minor,
51195,F major,
51228,F minor,
51169,Bb minor,
51229,A minor,
51230,A minor,
51231,C minor,
51235,F major,
51238,C major,
51239,D major,
51263,B minor,
51241,E minor,
51271,E major,
51313,C major,
51317,D major,
51357,G major,
51358,C major,
51332,F major,
51333,B minor,
51359,G major,
51360,F minor,
51389,F major,
51419,B minor,
51418,B minor,
51420,D minor,
51423,B major,
51424,C# minor,
51421,D minor,
51425,A minor,
51426,D# minor,
51427,C major,
51428,E major,
51429,G major,
51430,A minor,
51614,Bb minor,
51615,A minor,
51616,E minor,
51618,A minor,
51617,E minor,
51622,E minor,
51628,D minor,
51625,B minor,
51623,F minor,
51629,C major,
51632,Bb minor,
51635,D minor,
51631,G# minor,
51715,F# major,
51734,F# minor,
51732,Db major,
51710,E minor,
51755,C major,
51776,D major,
51775,A minor,
51779,C minor,
51774,E minor,
51783,G minor,
51785,F major,
51778,D# minor,
51921,E minor,
52034,F major,
52036,C major,
52040,C major,
52043,F major,
52045,F major,
52052,D major,
52059,F# minor,
52225,A major,
52250,C minor,
52227,E major,
52229,G major,
52251,D minor,
52255,D major,
52257,G major,
52261,G major,
52259,C major,
52275,E major,
52276,C major,
52361,B minor,
52404,E minor,
52277,D# minor,
52508,B major,
52524,D major,
52520,F major,
52521,A major,
52522,B major,
52526,E minor,
52525,D major,
52568,E minor,
52853,F# major,
52855,Db major,
52857,Eb major,
52928,B minor,
52929,E minor,
52962,A major,
52931,A minor,
52969,D major,
53247,D minor,
53248,G minor,
53249,D major,
53250,F# minor,
53251,E minor,
53637,C major,
53636,C major,
53638,G major,
53639,E major,
53642,D major,
53646,F minor,
53643,Bb major,
53735,F# major,
53736,E major,
53743,F major,
53744,G minor,
53742,D major,
53800,C minor,
53796,C# minor,
53798,D minor,
53799,E major,
53803,Db major,
53801,C major,
53805,F minor,
53808,C minor,
53807,C major,
53810,D major,
53811,Ab major,
53812,Bb minor,
53813,C major,
53814,C major,
53816,D major,
53815,C major,
53817,Ab major,
53819,F minor,
53818,Eb major,
53820,C major,
53821,G# minor,
53823,F major,
53824,G minor,
53826,F minor,
53825,Bb minor,
53827,G minor,
53828,D minor,
53829,G major,
53830,D major,
53852,Ab major,
53859,G minor,
53846,A major,
53863,D minor,
53896,C major,
53845,C major,
54047,C# minor,
54082,E minor,
54054,E minor,
54167,G major,
54168,C major,
54166,A major,
54169,G major,
54172,Ab major,
54206,C major,
54171,E major,
54173,A major,
54208,Eb major,
54213,C minor,
54215,C major,
54212,G minor,
54225,C major,
54226,C major,
54227,C major,
54228,C major,
54229,C major,
54231,C major,
54230,C major,
54232,C major,
54236,G major,
54298,E minor,
54594,C major,
54622,D# minor,
54623,D# minor,
54682,A major,
54684,C major,
54683,D major,
54685,G major,
54686,C major,
54687,G major,
54688,D major,
54689,D major,
54690,Eb major,
54692,D major,
54691,A major,
54693,A major,
54694,E major,
54695,C major,
54696,C major,
54697,D major,
54698,G major,
54699,Ab major,
54701,F# major,
54703,E major,
54715,C minor,
54907,A major,
54735,B major,
54830,C major,
54908,E major,
54909,E major,
54910,E major,
54911,A major,
54912,D major,
54913,G major,
55121,F major,
55111,G major,
55237,F minor,
55247,C major,
55285,B minor,
55248,C major,
55249,A major,
55288,A minor,
55286,G major,
55290,C major,
55289,G major,
55292,G major,
55295,C major,
55334,C major,
55332,A minor,
55405,Bb minor,
55336,E minor,
55370,D# minor,
55346,D major,
55406,A minor,
55409,C major,
55407,C major,
55411,C major,
55412,F major,
55452,Db major,
55451,A major,
55488,C# minor,
55550,C# minor,
55554,D# minor,
55710,C major,
55558,D minor,
55711,D minor,
55712,D minor,
55714,A minor,
55713,D minor,
55715,A minor,
55716,B minor,
55717,Ab major,
55719,E minor,
55899,F major,
55718,G major,
56143,E minor,
56186,D minor,
56189,G minor,
56187,A minor,
56480,E minor,
56249,C minor,
56500,Ab major,
56502,A minor,
56504,C minor,
56506,E minor,
56505,C minor,
56508,B minor,
56510,G# minor,
56511,Bb minor,
56512,E minor,
56513,D# minor,
56514,A minor,
56516,G major,
56515,F# minor,
56517,C major,
56518,G major,
56520,G major,
56521,D minor,
56525,C minor,
56527,C minor,
56526,A minor,
56601,C minor,
56603,C minor,
56605,Bb minor,
56528,G major,
56606,F# major,
56714,C major,
56713,B minor,
56712,C major,
56798,F major,
56795,D major,
56801,A major,
56799,F major,
56803,C# minor,
56804,A minor,
56825,C major,
56805,G major,
56903,D major,
56895,A minor,
56901,G major,
56836,D minor,
56904,Ab major,
56908,Ab major,
56905,C major,
56912,A minor,
56958,C major,
56929,G minor,
57003,D major,
57004,Db major,
57007,B major,
57005,D major,
57009,F major,
57012,A major,
57043,F# major,
57010,G minor,
57038,A major,
57049,C major,
57050,G major,
57053,B minor,
57047,G minor,
57054,G major,
57164,E major,
57071,C major,
57166,C major,
57175,E major,
57176,D major,
57234,F minor,
57235,B minor,
57241,A minor,
57261,A minor,
57262,A minor,
57263,D minor,
57265,A minor,
57267,A minor,
57300,G# minor,
57303,F# major,
57387,D# minor,
57374,A major,
57391,A major,
57400,C major,
57393,F major,
57433,B major,
57632,A minor,
57663,F# major,
57636,D major,
57788,G major,
57787,F major,
57790,Eb major,
57786,C# minor,
57791,C major,
57792,Bb major,
57799,Ab major,
57793,F major,
57796,F minor,
57798,F major,
57801,Bb major,
57802,B major,
57909,E major,
57804,D minor,
57910,G major,
57913,G major,
57912,G major,
57911,Eb major,
57914,F major,
57916,E major,
57915,E major,
57918,F major,
57919,F major,
57920,G major,
57921,F major,
57922,G major,
57924,Db major,
58128,G major,
58111,C major,
58129,C major,
58130,Eb major,
58133,A major,
58134,B major,
58136,A major,
58135,G major,
58138,E minor,
58140,E minor,
58139,B major,
58204,A minor,
58210,G major,
58215,Db major,
58207,C minor,
58216,Bb major,
58219,Ab major,
58220,Bb minor,
58221,D major,
58237,C# minor,
58274,G major,
58273,E minor,
58276,D major,
58275,D minor,
58278,A minor,
58290,G major,
58292,C minor,
58288,F major,
58293,C major,
58294,B minor,
58295,D major,
58296,Db major,
58297,D minor,
58304,F major,
58303,A minor,
58308,F major,
58307,G minor,
58309,G major,
58310,G minor,
58312,G major,
58315,G minor,
58316,D# minor,
58337,Db major,
58339,C major,
58340,D major,
58374,A major,
58384,A major,
58410,Ab major,
58462,E major,
58412,F# major,
58463,F# minor,
58507,G minor,
58517,Bb minor,
58505,E major,
59068,C minor,
58604,F major,
59173,Db major,
59176,B minor,
59198,C minor,
59250,D major,
59251,Eb major,
59190,F major,
59252,G major,
59284,F minor,
59286,D minor,
59293,C major,
59291,A minor,
59375,C major,
59294,B minor,
59542,F major,
59543,F minor,
59544,C major,
59545,Eb major,
59554,C major,
59552,Bb minor,
59546,D major,
59555,C minor,
59559,E major,
59595,C major,
59608,A minor,
59613,F minor,
59614,E minor,
59630,G major,
59631,G minor,
59633,A major,
59915,G# minor,
59635,D major,
59634,A minor,
59982,Eb major,
60154,A minor,
60158,D major,
59985,Db major,
60255,F minor,
60277,Db major,
60353,Bb major,
60355,B major,
60356,D major,
60357,E major,
60358,D major,
60360,B minor,
60363,G major,
60362,D major,
60842,E major,
60919,E major,
60920,E major,
60921,C major,
60922,E minor,
60923,C# minor,
60924,F major,
60926,A minor,
60925,F major,
60927,C# minor,
60928,E minor,
60969,F# minor,
60971,D minor,
60973,E minor,
61480,A major,
60974,C minor,
61495,G major,
61394,D minor,
61496,E minor,
61497,C major,
61498,E minor,
61499,C major,
61502,C minor,
61501,C major,
61503,Bb major,
61504,C major,
61505,C major,
61509,F# major,
61510,C major,
61507,Ab major,
61512,B major,
61731,G minor,
61679,F major,
61673,Ab major,
61767,F minor,
61768,E minor,
61772,F minor,
61777,G major,
61854,Bb major,
61782,G major,
61775,Eb major,
61890,F# major,
61863,D major,
62042,C minor,
62164,G minor,
62171,D minor,
62184,Ab major,
62375,Ab major,
62188,D major,
62381,A major,
62418,D major,
62587,E minor,
62640,C minor,
62637,C minor,
62641,C minor,
62643,G minor,
62642,E minor,
62645,E minor,
62648,D minor,
62647,C major,
62665,A minor,
62666,A minor,
62667,F major,
62673,D major,
62670,A minor,
62687,C minor,
62854,Eb major,
62902,A major,
62904,A major,
62905,C major,
62906,Eb major,
62908,G major,
62907,B major,
62909,D major,
62910,A major,
62911,F major,
63039,E major,
63098,D minor,
63147,C major,
63224,Bb major,
63227,A minor,
63228,G major,
63229,G minor,
63260,E minor,
63261,A minor,
63263,E minor,
63411,G major,
63464,C major,
63470,D minor,
63732,F major,
63477,G major,
63481,C major,
63752,Bb major,
63734,D# minor,
63753,C major,
63757,F major,
63754,D minor,
63758,E minor,
63762,C major,
63769,Db major,
63768,Eb major,
63770,A minor,
63789,E major,
63929,F# minor,
63934,E minor,
63965,A minor,
63966,F minor,
63969,C minor,
63968,D minor,
63971,D minor,
63998,E minor,
63999,E minor,
64005,G major,
63979,D major,
64006,A major,
64007,F major,
64008,E minor,
64044,A minor,
64046,A minor,
64041,Bb minor,
64158,F major,
64160,A minor,
64161,C minor,
64162,C minor,
64163,B minor,
64164,E minor,
64165,E major,
64167,A minor,
64227,D major,
64238,C major,
64255,E minor,
64264,D# minor,
64267,C major,
64265,C minor,
64275,A major,
64270,Db major,
64423,G major,
64361,D minor,
64362,G minor,
64363,G major,
64592,D major,
64576,F major,
64953,D# minor,
64804,D minor,
64952,F major,
64998,E major,
64956,Db major,
64955,Db major,
64999,D major,
65000,E minor,
64954,G minor,
65002,B major,
65038,G major,
65089,C major,
65039,C# minor,
65154,C major,
65220,C major,
65412,D major,
65217,D minor,
65416,D minor,
65472,A minor,
65652,G major,
65475,D major,
65605,C major,
65656,G major,
65417,A minor,
65660,G major,
65658,G major,
65659,G major,
65663,G major,
65662,D major,
65661,G minor,
65665,D major,
65657,G minor,
65666,G major,
65668,G major,
65667,G minor,
65669,G major,
65670,G major,
65671,D major,
65672,G major,
65674,G major,
65673,G major,
65676,D major,
65678,G major,
65683,A major,
65749,C minor,
65755,C major,
65682,G major,
65782,F minor,
65781,A major,
65783,C minor,
65787,C# minor,
65788,C minor,
65789,F minor,
65792,B minor,
65791,D# minor,
65793,C minor,
65794,G# minor,
65796,C# minor,
65872,D major,
65874,G major,
65877,B minor,
65876,C major,
65878,G major,
65879,D major,
65880,F major,
65891,B minor,
65890,A minor,
65892,D major,
65893,E minor,
65992,C major,
65991,C major,
65993,F major,
65996,F major,
65994,C major,
66049,F# major,
66011,B minor,
66050,F# major,
66051,Db major,
66052,Db major,
66053,Ab major,
66054,Db major,
66056,F major,
66057,Eb major,
66073,F major,
66074,A major,
66075,F major,
66076,A minor,
66078,C major,
66082,A major,
66083,Bb major,
66081,B minor,
66084,G major,
66087,A minor,
66086,C major,
66089,B minor,
66090,D major,
66091,C major,
66093,D minor,
66094,D major,
66096,A minor,
66095,B minor,
66099,B major,
66097,B minor,
66098,C major,
66100,F# minor,
66112,E major,
66113,F major,
66114,F major,
66130,D major,
66131,F# major,
66134,C major,
66137,C major,
66136,A minor,
66138,C major,
66142,D major,
66143,G minor,
66141,A minor,
66144,C major,
66178,Eb major,
66177,C major,
66150,B major,
66179,A major,
66180,A major,
66182,Bb major,
66183,F major,
66184,B major,
66186,F# major,
66185,F major,
66187,Db major,
66188,C major,
66193,D major,
66303,C major,
66201,G major,
66314,F major,
66315,Bb major,
66316,E major,
66317,F# major,
66318,A major,
66319,F# major,
66320,G major,
66321,E major,
66322,B major,
66323,D major,
66324,G major,
66375,A minor,
66389,G major,
66392,E minor,
66395,E minor,
66401,Bb major,
66390,D minor,
66402,Bb major,
66406,A major,
66408,D major,
66409,G major,
66414,B major,
66416,C major,
66415,E major,
66417,C major,
66418,Bb major,
66421,C major,
66420,Ab major,
66422,C major,
66436,C minor,
66459,D major,
66437,Bb major,
66493,Ab major,
66441,G major,
66495,D minor,
66510,F major,
66518,A minor,
66519,C major,
66516,D minor,
66524,C major,
66542,Ab major,
66544,C minor,
66543,Db major,
66545,Db major,
66659,A major,
66660,A major,
66547,Eb major,
66723,F minor,
66739,F major,
66724,C major,
66740,C major,
66546,Ab major,
66741,D major,
66748,Db major,
66744,B major,
66753,D major,
66752,C major,
66766,Bb major,
66851,C# minor,
66756,G major,
66757,C major,
66853,C minor,
66856,G# minor,
66857,C# minor,
66858,G minor,
66859,C# minor,
66860,D minor,
66876,D# minor,
66873,Bb minor,
66881,G# minor,
66877,F# minor,
66882,F minor,
66886,D# minor,
66895,F# major,
66887,C major,
66896,C major,
66903,F# minor,
66904,B minor,
66905,C# minor,
66929,A minor,
66933,A minor,
66939,E minor,
66941,A minor,
67101,C major,
67102,A minor,
67051,C major,
67106,Bb minor,
67236,Bb major,
67121,D minor,
67257,E major,
67286,A major,
67289,E major,
67287,A major,
67288,A major,
67292,A major,
67291,C major,
67293,G major,
67294,A major,
67298,G minor,
67300,C minor,
67302,A minor,
67303,A minor,
67329,A major,
67306,Eb major,
67330,E major,
67335,C major,
67334,C# minor,
67332,A major,
67333,B major,
67336,C major,
67363,Eb major,
67465,C major,
67464,G minor,
67466,E minor,
67467,D# minor,
67472,A minor,
67474,Ab major,
67473,C major,
67579,G# minor,
67547,D# minor,
67581,C# minor,
67552,A minor,
67654,F# minor,
67653,D# minor,
67656,A minor,
67658,A minor,
67744,A minor,
67660,D# minor,
67837,D minor,
67836,C major,
67838,E minor,
67831,F major,
68189,Bb major,
68187,C major,
67840,C minor,
68192,Bb major,
68194,D major,
68196,F# major,
68195,D major,
68253,A minor,
68255,C# minor,
68260,G minor,
68256,G minor,
68278,D major,
68279,D major,
68413,E major,
68280,C major,
68414,C major,
68281,A major,
68416,G major,
68419,A major,
68420,C major,
68426,C# minor,
68424,E minor,
68428,F minor,
68429,C minor,
68434,D major,
68456,C minor,
68459,Ab major,
68582,A major,
68583,D major,
68584,G# minor,
68777,D minor,
68586,C major,
68778,F major,
68910,D minor,
68913,A minor,
68911,F minor,
68912,A minor,
68914,A minor,
68916,F minor,
68915,E minor,
68917,C minor,
68918,A minor,
68948,Db major,
68919,E major,
68942,E minor,
68950,A major,
68949,F minor,
69011,Ab major,
69012,A minor,
69064,G major,
69065,E major,
69068,C major,
69067,D minor,
69073,C major,
69176,F major,
69072,D minor,
69214,F major,
69233,Bb major,
69234,C major,
69226,A minor,
69235,Ab major,
69237,Ab major,
69238,F# major,
69242,F major,
69240,C major,
69244,Bb major,
69245,C major,
69246,C major,
69247,C major,
69250,F major,
69248,E major,
69259,D major,
69314,D major,
69319,A major,
69323,D major,
69330,D major,
69458,A major,
69588,F minor,
69576,F minor,
69590,A minor,
69593,F major,
69594,A minor,
69601,B major,
69608,G major,
69607,D major,
69609,Eb major,
69610,C major,
69611,F# major,
69612,Bb major,
69781,E major,
69904,D minor,
69937,B minor,
69932,A major,
69941,Db major,
70050,Bb major,
70051,Bb major,
70052,E major,
70048,C# minor,
70056,E major,
70054,A minor,
70053,Eb major,
70057,D major,
70058,E major,
70103,C# minor,
70059,B minor,
70191,E minor,
70194,G major,
70061,Ab major,
70213,Eb major,
70215,C# minor,
70221,D minor,
70227,B minor,
70229,G major,
70244,G major,
70060,F# minor,
70302,Eb major,
70673,Db major,
70403,G minor,
70713,Eb major,
70304,C major,
70717,B major,
70719,Db major,
70883,C major,
70887,F major,
71009,F# minor,
71226,D minor,
71256,D minor,
71231,B minor,
71229,C minor,
71257,D minor,
71261,D minor,
71263,A minor,
71262,C major,
71334,C major,
71264,F major,
71266,D major,
71363,A minor,
71364,A minor,
71365,A minor,
71366,A minor,
71367,A minor,
71368,A minor,
71369,A minor,
71371,D major,
71370,E minor,
71372,C major,
71488,E minor,
71506,B major,
71511,G major,
71504,E minor,
71515,A minor,
71517,C major,
71516,A minor,
71582,F major,
71583,A major,
71584,F# major,
71697,Db major,
71698,C# minor,
71585,D major,
71700,B major,
71703,C major,
71701,A minor,
71702,F major,
71855,C major,
72017,F# major,
72020,A minor,
71957,E minor,
72022,F major,
72046,A major,
72047,D major,
72048,A major,
72051,G major,
72049,C major,
72053,Bb major,
72055,G major,
72056,G major,
72057,A major,
72110,G minor,
72113,A minor,
72115,G major,
72206,D minor,
72245,G minor,
72246,G major,
72248,G# minor,
72313,D minor,
72255,C major,
72359,E major,
72360,B major,
72451,D major,
72436,D major,
72474,Bb minor,
72475,E minor,
72477,C# minor,
72480,G minor,
72623,C# minor,
72615,A minor,
72624,G minor,
72634,G# minor,
72686,Db major,
73114,D major,
72997,A major,
73181,G# minor,
73069,C minor,
73422,Db major,
73419,E major,
73420,D major,
73423,B major,
73428,C major,
73425,E major,
73431,A major,
73432,A major,
73435,C major,
73437,C major,
73492,D major,
73687,E major,
73693,D major,
73689,E major,
73495,D major,
73696,Ab major,
73758,A major,
73741,F minor,
73704,G major,
73761,F major,
73768,E minor,
73770,A major,
73763,C minor,
73772,F minor,
73774,A major,
73788,F major,
73792,A major,
73789,C major,
73866,A major,
73836,E major,
73806,Ab major,
73809,C major,
73868,D minor,
73875,Db major,
73941,D minor,
73942,F# minor,
73944,Db major,
73946,B major,
73943,Ab major,
73948,Db major,
73950,B major,
73951,A major,
73953,C major,
73952,G major,
73954,D major,
73957,G minor,
73955,G major,
73956,C major,
73958,F major,
73959,F major,
73964,C major,
73965,C minor,
73966,F# major,
73967,G major,
73968,G minor,
73969,G major,
73970,B major,
73971,F minor,
73973,D minor,
73976,D minor,
74090,Eb major,
74111,Db major,
73977,D minor,
74113,C major,
74146,C major,
74192,Eb major,
74208,G minor,
74214,D minor,
74149,F major,
74148,A minor,
74378,C major,
74340,A minor,
74384,E major,
74383,E major,
74393,Db major,
74386,C major,
74474,D minor,
74506,F major,
74508,Db major,
74510,D major,
74509,C major,
74512,Eb major,
74514,A major,
74515,D major,
74517,G major,
74516,F major,
74518,A major,
74528,A major,
74529,D major,
74531,D major,
74532,A minor,
74533,D major,
74535,D major,
74536,D major,
74537,G major,
74552,Ab major,
74692,C major,
74691,G major,
74694,G major,
74556,A major,
74695,C major,
74853,F# minor,
74856,F major,
74817,F# major,
74857,F major,
74864,A major,
74867,A major,
74897,C minor,
74868,E minor,
74898,C minor,
74901,C minor,
74899,G minor,
74906,C minor,
74937,C major,
74938,F major,
75051,E major,
74925,A minor,
75049,D major,
75052,D minor,
75055,F major,
75056,D major,
75053,G major,
75057,E major,
75059,C major,
75231,G major,
75061,D major,
75060,D major,
75238,D# minor,
75232,A minor,
75234,F# minor,
75244,D# minor,
75233,D major,
75265,F minor,
75269,C minor,
75268,D minor,
75267,G major,
75270,E minor,
75271,D# minor,
75273,A minor,
75272,E minor,
75372,C# minor,
75374,D minor,
75376,C# minor,
75377,A minor,
75379,G minor,
75276,F minor,
75378,C minor,
75381,A minor,
75384,B minor,
75385,F# major,
75387,D# minor,
75389,Bb minor,
75394,G# minor,
75395,D minor,
75393,E minor,
75396,A minor,
75413,G# minor,
75417,Ab major,
75414,C minor,
75416,F# minor,
75419,B minor,
75430,Bb major,
75429,D minor,
75424,E minor,
75422,D# minor,
75431,D minor,
75433,D minor,
75432,D minor,
75434,D minor,
75435,D minor,
75436,Bb major,
75437,D minor,
75440,F major,
75439,D minor,
75441,D minor,
75443,D minor,
75454,A minor,
75475,F minor,
75456,D minor,
75458,A minor,
75579,D major,
75578,A major,
75581,C major,
75580,Eb major,
75476,F minor,
75585,Ab major,
75583,C major,
75582,C major,
75586,C major,
75587,Bb major,
75588,C major,
75589,C major,
75626,E minor,
75680,B major,
75681,E minor,
75682,G# minor,
75683,G major,
75684,G major,
75685,E minor,
75686,E major,
75692,D major,
75693,D major,
75746,G# minor,
75903,Db major,
75900,Eb major,
75901,Db major,
75904,B major,
75905,Ab major,
75909,D# minor,
75906,Bb major,
75910,Eb major,
75978,G major,
76128,Eb major,
76082,G major,
76117,F major,
76129,F major,
76131,D major,
76236,Db major,
76130,C major,
76239,C minor,
76241,B minor,
76244,F# major,
76240,F# major,
76243,F major,
76247,F# minor,
76281,G major,
76248,G major,
76252,C major,
76284,E minor,
76282,E minor,
76283,F major,
76285,B major,
76287,Db major,
76286,F major,
76349,Eb major,
76288,Bb major,
76351,C major,
76352,Db major,
76354,Bb major,
76353,Ab major,
76356,B major,
76355,F major,
76478,G# minor,
76357,Eb major,
76482,D minor,
76479,F# major,
76490,F minor,
76486,C minor,
76491,B minor,
76497,E minor,
76499,D minor,
76500,E minor,
76504,B major,
76509,B minor,
76501,E minor,
76506,D minor,
76511,Eb major,
76513,B minor,
77233,F major,
77234,B major,
77236,G major,
77308,C major,
77235,D major,
77309,B major,
77312,A major,
77311,C major,
77304,D minor,
77317,C major,
77315,C major,
77316,C major,
77374,F minor,
77376,E minor,
77377,D minor,
77375,E minor,
77378,C major,
77379,A major,
77382,E minor,
77385,D# minor,
77386,C minor,
77380,F major,
77564,D minor,
77548,C# minor,
77550,Bb minor,
77549,B minor,
77573,D major,
77577,F# minor,
77825,G# minor,
77566,G minor,
77826,D minor,
77833,F major,
78067,B major,
77832,Ab major,
77831,A minor,
78096,C minor,
78099,F# minor,
78101,F# minor,
78100,A minor,
78102,C minor,
78207,A major,
78244,C minor,
78104,D minor,
78249,G minor,
78252,B minor,
78834,A minor,
78836,C minor,
78835,E minor,
78839,A minor,
78840,E minor,
78847,A minor,
78843,D# minor,
78845,A minor,
78848,C minor,
79339,B major,
78852,A minor,
79344,B minor,
79340,C minor,
79364,E major,
79363,D major,
79365,D major,
79366,G major,
79367,B major,
79368,E major,
79369,E major,
79372,G major,
79604,F minor,
79731,D major,
79736,A major,
79734,D major,
79733,D major,
79744,D major,
79746,A major,
79749,G major,
79745,E major,
79753,E major,
79754,E major,
79755,B major,
79756,G major,
79757,D major,
79758,D major,
79759,E major,
79760,D minor,
79784,E minor,
80000,G major,
79895,F major,
80001,D major,
79799,G# minor,
80002,F# major,
80087,F# major,
80076,F major,
80005,E major,
80088,F major,
80091,C major,
80089,F# major,
80090,G# minor,
80162,D major,
80159,D major,
80142,D# minor,
80145,C major,
80301,A minor,
80239,E major,
80163,Ab major,
80307,A minor,
80311,G major,
80312,B minor,
80429,C major,
80439,C major,
80426,D minor,
80449,F major,
80491,G minor,
80783,D# minor,
80503,D minor,
81241,C minor,
80786,C major,
81238,A major,
81243,B minor,
81244,G major,
80793,C minor,
81248,E major,
81246,A major,
81252,C major,
81355,E major,
81357,Bb major,
81356,Bb major,
81364,A major,
81368,Ab major,
81382,Bb major,
81370,Ab major,
81451,C major,
81452,D major,
81450,C major,
81454,C major,
81461,B minor,
81455,E major,
81462,D minor,
81463,A minor,
81465,G# minor,
81466,E major,
81468,C minor,
81476,F major,
81479,B major,
81478,C major,
81480,D major,
81481,Bb minor,
81483,B major,
81484,B minor,
81489,D major,
81491,F# minor,
81487,G minor,
81490,C major,
81493,E minor,
81492,Db major,
81495,E major,
81497,C major,
81499,E minor,
81498,F major,
81501,E major,
81504,D major,
81509,E major,
81508,E major,
81507,E major,
81506,D major,
81510,F major,
81516,A major,
81514,F# major,
81511,B major,
81523,C# minor,
81517,B major,
81519,C major,
81520,D minor,
81531,E major,
81527,A major,
81526,F major,
81528,D major,
81532,G major,
81534,G# minor,
81536,B minor,
81537,G minor,
81538,G minor,
81542,C major,
81543,D major,
81539,C# minor,
81546,A minor,
81544,B major,
81547,D major,
81551,C major,
81553,D major,
81558,E major,
81555,G# minor,
81552,G major,
81560,G minor,
81568,C major,
81567,C major,
81564,Bb minor,
81562,A minor,
81569,Eb major,
81571,C major,
81573,A minor,
81575,E major,
81576,F major,
81578,C minor,
81581,F major,
81580,G major,
81582,C# minor,
81584,Bb minor,
81583,C minor,
81592,F minor,
81586,Bb minor,
81593,C minor,
81596,A major,
81598,C major,
81599,C major,
81601,A major,
81600,C major,
81603,F major,
81606,C major,
81608,B major,
81605,F# major,
81612,G major,
81613,C major,
81609,C major,
81611,B major,
81614,D major,
81620,B major,
81625,D major,
81619,D major,
81629,D major,
81626,E major,
81633,E major,
81632,E major,
81634,C# minor,
81635,C major,
81636,G major,
81641,C major,
81643,F minor,
81638,C major,
81640,E major,
81646,G major,
81650,Bb major,
81649,A major,
81648,D major,
81651,E minor,
81652,E major,
81653,E major,
81655,C major,
81656,D major,
81661,D minor,
81657,B major,
81658,Bb minor,
81664,Db major,
81665,Db major,
81671,G# minor,
81672,Db major,
81676,Db major,
81675,C major,
81678,C minor,
81680,Bb major,
81682,D major,
81684,Eb major,
81685,Bb major,
81690,G minor,
81688,B minor,
81687,G major,
81686,B major,
81695,E minor,
81692,E minor,
81694,D major,
81696,F minor,
81691,C major,
81701,C major,
81704,Ab major,
81710,A major,
81697,C major,
81711,E major,
81718,B major,
81717,D major,
81716,F major,
81719,F major,
81720,E major,
81723,C major,
81721,A major,
81724,D major,
81727,G major,
81731,E major,
81728,D minor,
81729,B major,
81730,A minor,
81732,E major,
81733,C major,
81734,G major,
81739,E major,
81738,D major,
81735,F major,
81742,D major,
81741,B major,
81744,F major,
81743,E minor,
81747,D major,
81751,Db major,
81746,D minor,
81745,B major,
81753,A major,
81752,C major,
81757,G major,
81755,C major,
81761,F major,
81759,A major,
81769,E major,
81768,C major,
81771,D minor,
81770,C major,
81772,C major,
81773,F major,
81777,C major,
81774,D major,
81776,C major,
81780,B major,
81781,E major,
81787,C major,
81782,E major,
81786,C major,
81788,C major,
81789,D major,
81791,D major,
81793,G major,
81792,G major,
81799,B major,
81790,E major,
81801,E major,
81803,Bb major,
81802,C# minor,
81804,Ab major,
81806,C major,
81805,F major,
81807,Bb major,
81810,D major,
81811,F# major,
81813,F# major,
81812,Bb major,
81814,A minor,
81817,A major,
81815,G major,
81819,C major,
81821,A minor,
81822,E major,
81831,E minor,
81941,E major,
81830,C minor,
81833,D minor,
81979,E major,
81980,C major,
81981,C minor,
81983,G major,
81982,F major,
81987,G# minor,
81988,C major,
81990,C major,
81989,G major,
81985,E major,
81993,C major,
81994,F major,
81992,G major,
81998,A major,
81996,C minor,
82000,A major,
82001,D major,
82004,A major,
82007,D major,
82005,B major,
82008,Bb major,
82009,C major,
82011,A major,
82012,B minor,
82010,G minor,
82066,F major,
82054,F minor,
82065,D minor,
82067,D minor,
82499,C minor,
82503,D major,
82507,Bb major,
82070,A minor,
82508,C# minor,
82538,G minor,
82541,D minor,
82556,A major,
82557,A major,
82606,Db major,
82615,C major,
82661,D minor,
82621,C major,
82620,D major,
82743,E minor,
82668,A major,
82859,G major,
82858,F major,
82860,D# minor,
82862,G minor,
82861,G minor,
82865,A minor,
82866,A minor,
82868,G minor,
82869,A minor,
82871,E minor,
82914,C major,
82915,D major,
82918,D major,
82916,C major,
82917,A minor,
82920,A major,
82919,D major,
82921,Bb minor,
82929,E minor,
82930,G major,
83143,F minor,
82933,D major,
83151,A minor,
83152,Bb minor,
83153,C minor,
82660,E minor,
83156,B minor,
83157,B minor,
83159,G minor,
83237,G major,
83238,D major,
83241,C major,
83247,C major,
83257,Bb major,
83252,E major,
83254,G major,
83258,E major,
83256,G major,
83260,C major,
83262,G major,
83261,E major,
83263,A major,
83265,G major,
83267,C major,
83268,C major,
83266,D major,
83269,F major,
83270,D major,
83273,Eb major,
83271,A major,
83272,F# major,
83275,E major,
83277,A major,
83276,G major,
83320,D major,
83279,Bb major,
83319,Bb major,
83322,C major,
83321,E major,
83330,F major,
83331,D# minor,
83340,C major,
83338,C# minor,
83346,F# minor,
83349,C minor,
83451,F# minor,
83351,D# minor,
83452,D major,
83454,D major,
83456,D major,
83461,D major,
83459,E minor,
83470,E major,
83464,E major,
83462,C major,
83569,D minor,
83636,D major,
83628,F# minor,
83634,B minor,
83638,G minor,
83640,A minor,
83642,E major,
83641,G major,
83643,A minor,
83647,G minor,
83644,E major,
83646,G major,
83645,E major,
83659,D minor,
83669,A minor,
83662,G minor,
83663,D minor,
83670,F minor,
83705,Eb major,
83707,B major,
83706,G# minor,
83708,E major,
83717,D# minor,
83710,G minor,
83715,G major,
83719,D# minor,
83724,Eb major,
83728,G major,
83730,G major,
83727,G major,
83733,G major,
83729,B major,
83735,B major,
83736,E major,
83748,C minor,
83822,C minor,
83749,C minor,
83813,D major,
83859,E minor,
84021,E minor,
84051,G major,
84113,D major,
84119,A minor,
84112,D major,
84121,E minor,
84122,D major,
84123,Eb major,
84127,D# minor,
84125,D major,
84131,F minor,
84128,G minor,
84134,G minor,
84170,C major,
84171,Eb major,
84172,A minor,
84173,A minor,
84276,B major,
84289,E minor,
84263,C major,
84468,B minor,
84470,D minor,
84472,A minor,
84196,F# major,
84554,D major,
84555,E major,
84553,B minor,
84559,G major,
84562,G major,
84563,D major,
84565,D major,
84476,D minor,
84566,E major,
84652,C# minor,
84564,D major,
84654,B major,
84657,D major,
84741,F major,
84736,E minor,
84742,F major,
84767,A minor,
84763,F major,
84770,Eb major,
84760,D major,
84774,F# major,
84825,E minor,
84824,D minor,
84983,G major,
84984,G major,
84985,D major,
84986,G major,
84988,C major,
84987,G major,
84990,C major,
84989,G major,
84991,G major,
85024,D major,
84992,C major,
85289,D minor,
85319,B minor,
85291,G minor,
85321,D major,
85320,D major,
85322,G major,
85325,G minor,
85327,A minor,
85323,F# minor,
85330,E major,
85329,D major,
85331,B major,
85332,B minor,
85333,D major,
85334,D major,
85335,Ab major,
85337,A minor,
85338,E minor,
85339,G major,
85388,C major,
85340,C major,
85424,D major,
85477,F major,
85476,Ab major,
85481,Db major,
85479,F minor,
85480,A minor,
85482,G major,
85483,D major,
85485,A major,
85486,G major,
85484,D major,
85487,B major,
85488,Eb major,
85489,F major,
85490,D major,
85491,F# major,
85492,F# major,
85538,C major,
85537,C major,
85592,G minor,
85536,G major,
85594,D# minor,
85597,B minor,
85595,G minor,
85600,Bb major,
85599,Bb major,
85602,C minor,
85697,C major,
85767,F major,
85768,C minor,
85698,G major,
85757,G minor,
85771,G# minor,
85777,G minor,
85789,D major,
85788,C major,
85787,G major,
85916,C major,
85826,Bb minor,
85827,F minor,
85834,D# minor,
85919,D minor,
85918,F minor,
85921,F major,
85920,C minor,
85934,E minor,
85937,B minor,
85940,D major,
85942,D major,
85966,A major,
86149,G# minor,
86150,D minor,
86148,B minor,
86151,D minor,
86262,G minor,
86264,C major,
86265,C major,
86268,C major,
86266,C major,
86269,C major,
86270,C major,
86273,F# major,
86274,E minor,
86271,C major,
86272,C major,
86278,C major,
86283,Db major,
86284,D major,
86281,C major,
86420,C major,
86285,C major,
86471,Bb major,
86462,A minor,
86472,F minor,
86465,E major,
86473,F minor,
86474,D major,
86476,C# minor,
86480,D major,
86479,Eb major,
86482,Ab major,
86481,C major,
86483,F# major,
86484,F minor,
86485,G major,
86486,E major,
86487,Eb major,
86561,A minor,
86562,D minor,
86634,A minor,
86582,E major,
86678,B minor,
86788,C minor,
86795,D major,
86797,D# minor,
86901,E major,
86904,C minor,
86799,E minor,
86566,B minor,
87019,F# minor,
87002,D major,
86910,C major,
86980,D# minor,
87099,C minor,
87098,D major,
87100,C major,
87096,B major,
87107,D major,
87114,F major,
87103,A major,
87115,C major,
87116,C major,
87123,C major,
87122,E major,
87157,Eb major,
87158,C minor,
87186,G major,
87185,E major,
87187,E major,
87159,C minor,
87189,D major,
87191,C major,
87190,G minor,
87188,F# major,
87192,E major,
87193,C major,
87194,C major,
87220,C minor,
87221,E minor,
87225,C minor,
87236,Bb minor,
87235,G minor,
87237,Bb minor,
87258,F# minor,
87260,C# minor,
87275,D minor,
87261,B minor,
87262,C# minor,
87359,D major,
87361,E minor,
87372,E major,
87408,Ab major,
87407,B major,
87547,F major,
87409,Ab major,
87562,C major,
87563,F major,
87568,E minor,
87572,A minor,
87374,E major,
87576,A minor,
87575,D# minor,
87794,F major,
87798,G# minor,
87795,Bb minor,
87940,C major,
88114,Db major,
87373,D major,
87944,E major,
88846,E minor,
88433,Bb major,
88434,Db major,
88848,F major,
88854,F minor,
88856,C# minor,
88812,C minor,
88861,B major,
88860,G major,
88858,B major,
88864,C minor,
88918,E minor,
88867,A major,
88868,E major,
88925,Db major,
88926,E major,
89028,F# major,
89029,C# minor,
89032,Ab major,
89034,C minor,
89035,G# minor,
89188,C major,
89197,G minor,
89201,D# minor,
89211,C minor,
89217,C major,
89218,G major,
89225,C major,
89223,C major,
89231,F minor,
89239,A minor,
89241,C major,
89244,B major,
89246,D minor,
89262,C major,
89292,F# major,
89297,C major,
89255,E minor,
89298,Ab major,
89300,F# major,
89301,F major,
89302,C major,
89306,F# major,
89308,E major,
89309,D minor,
89310,G major,
89312,E major,
89314,G major,
89316,F# major,
89429,C major,
89440,E major,
89344,D major,
89433,D minor,
89441,G major,
89477,E major,
89663,A major,
89619,G major,
89665,G major,
89702,F major,
89796,C major,
89758,C major,
89818,C major,
89795,E minor,
89863,E major,
89867,F major,
89876,A minor,
89887,G minor,
90047,E major,
89888,G minor,
90048,E major,
90068,D major,
90406,G# minor,
90070,D major,
90411,B minor,
90451,E major,
90504,C major,
90444,C major,
90524,D major,
90530,Db major,
90523,G major,
90593,E minor,
90600,E major,
90604,A minor,
90606,E major,
90616,E major,
90618,Eb major,
90649,B minor,
90690,F minor,
90691,C minor,
90692,Bb minor,
90693,F minor,
90746,G minor,
90744,C major,
90750,C major,
90787,F# major,
90807,C major,
90755,Eb major,
90808,E minor,
90809,A minor,
90829,D major,
90831,D major,
90918,E major,
90923,G major,
90921,E major,
90920,D major,
90927,F major,
90974,C major,
90972,Ab major,
90973,D major,
91004,B minor,
90975,G minor,
91049,D major,
90961,Eb major,
91062,C major,
91082,C minor,
91083,C minor,
91089,C minor,
91099,E minor,
91126,F minor,
91165,D major,
91134,Bb minor,
91168,C major,
91170,B minor,
91172,E major,
91171,G minor,
91175,C# minor,
91263,G minor,
91262,E minor,
91176,C minor,
91205,C minor,
91264,F major,
91272,F major,
91265,Eb major,
91268,C major,
91277,A minor,
91281,D minor,
91280,F# major,
91371,G# minor,
91370,E major,
91368,Db major,
91359,F major,
91373,G major,
91380,D major,
91375,B major,
91374,A minor,
91381,E major,
91383,Ab major,
91384,F major,
91382,E major,
91386,C major,
91389,Ab major,
91390,A major,
91388,D major,
91391,F major,
91395,D# minor,
91393,Db major,
91394,C# minor,
91398,Eb major,
91457,G major,
91436,A minor,
91440,E major,
91472,F# major,
91473,F# major,
91474,B major,
91477,E minor,
91476,G major,
91479,B minor,
91482,E major,
91483,B major,
91480,A major,
91598,G major,
91494,E major,
91600,G major,
91574,B minor,
91601,A major,
91711,D minor,
91575,F# minor,
91709,C major,
91713,E major,
91716,D major,
91714,G major,
91717,G major,
91724,D major,
91725,E major,
91726,G major,
91728,F major,
91731,D major,
91736,F minor,
91734,E minor,
91733,E major,
91732,G minor,
91738,B minor,
91823,B major,
91824,D major,
91739,F minor,
91826,D major,
91828,G major,
91830,A major,
91840,A minor,
91850,D minor,
91849,A minor,
91844,C minor,
91891,G major,
91851,D minor,
91886,G major,
91968,C major,
91965,C major,
91969,C major,
92025,B major,
92023,E major,
92026,D major,
92027,B major,
92028,E minor,
92031,E major,
92032,G major,
92033,D major,
92150,Eb major,
92153,Eb major,
92151,G major,
92152,G major,
92154,G major,
92155,Bb major,
92157,E major,
92156,D major,
92158,Db major,
92160,C major,
92159,C major,
92162,A major,
92161,E major,
92176,D minor,
92178,D major,
92179,F major,
92177,D major,
92181,E minor,
92180,G major,
92182,C major,
92183,G major,
92184,Bb major,
92185,A minor,
92187,G major,
92380,F major,
92375,F# minor,
92379,G# minor,
92381,B major,
92401,D# minor,
92397,A minor,
92423,G minor,
92517,C major,
92463,C major,
92325,E minor,
92596,G minor,
92598,F minor,
92720,E major,
92597,F# major,
92719,Ab major,
92721,F major,
92723,G major,
92722,E major,
92725,C major,
92726,Eb major,
92727,F major,
92728,D# minor,
92761,E minor,
92759,F major,
92762,G minor,
92765,B minor,
92867,F minor,
92947,C minor,
92824,G minor,
92950,C minor,
92949,C minor,
92952,Eb major,
93024,D major,
92954,C minor,
92955,G minor,
93032,A major,
93056,B major,
93055,E minor,
93053,D major,
93057,B major,
93058,D major,
93074,A minor,
93351,A minor,
93361,G minor,
93360,C major,
93362,C major,
93363,A minor,
93364,C major,
93370,D minor,
93798,G major,
93716,A major,
93558,F# major,
93801,C major,
93807,G major,
93810,F# major,
93811,F# major,
93815,Ab major,
93818,F major,
93821,E major,
93822,F# major,
93823,F# major,
93824,C major,
93825,D minor,
93860,F major,
93863,A minor,
93867,B major,
93930,D major,
93868,D major,
93932,D major,
93934,F minor,
93937,D minor,
93936,Ab major,
93950,A minor,
93951,A major,
93953,A major,
93959,B minor,
93952,E minor,
93960,D minor,
94126,E major,
94136,F# minor,
93986,A minor,
94174,E minor,
94175,G# minor,
94177,F minor,
94178,E minor,
94198,C major,
94204,F major,
94205,D major,
94206,B minor,
94207,D major,
94210,Bb major,
94209,A major,
94212,C major,
94211,Eb major,
94241,C minor,
94331,A minor,
94357,F minor,
94416,B minor,
94433,E minor,
94419,E minor,
94424,G major,
94417,A minor,
94436,Bb major,
94434,G minor,
94437,A minor,
94438,G minor,
94439,A minor,
94441,G minor,
94444,E minor,
94442,G minor,
94619,C major,
94564,E major,
94625,C major,
94652,A major,
94721,G minor,
94723,B minor,
94720,G minor,
94788,C minor,
94789,C minor,
94790,C major,
94724,C minor,
94793,C major,
94795,C minor,
94799,C major,
94802,C minor,
94794,C minor,
95407,D# minor,
95409,A minor,
95507,D major,
95503,D major,
95602,Ab major,
95604,B major,
95603,G major,
95605,G major,
95606,C major,
95664,Bb major,
95665,F major,
95667,C major,
95668,A minor,
95669,C major,
95670,Eb major,
95671,C major,
95724,F# major,
95726,B major,
95767,D major,
95766,D major,
95756,Ab major,
95769,D major,
95770,F# major,
95771,E major,
95773,B major,
95777,E major,
95778,F major,
95780,E major,
95781,G major,
95782,A major,
95783,Bb major,
95784,D minor,
95786,D minor,
95785,A major,
95631,Db major,
95805,A minor,
95810,Db major,
95807,C major,
95808,A major,
95819,Eb major,
95813,G minor,
95820,Bb major,
95821,C major,
95823,B major,
95822,C major,
95835,G minor,
95848,G minor,
95846,C minor,
95849,C minor,
95893,E minor,
95875,F minor,
95897,Ab major,
95908,F minor,
95911,G minor,
96100,C minor,
96056,F minor,
95917,C major,
96431,A major,
96432,E major,
96147,G major,
96435,A major,
96795,B major,
96790,B major,
96792,E major,
96797,D major,
96796,B major,
96946,A minor,
96944,D minor,
97000,C# minor,
97001,D# minor,
97007,G minor,
97034,E minor,
97013,D major,
97036,C major,
97039,E minor,
97043,D minor,
97146,Db major,
97147,C major,
97164,C major,
97154,Db major,
97170,C major,
97166,C minor,
97171,F major,
97167,C minor,
97173,D major,
97172,Bb minor,
97174,C major,
97179,B major,
97192,C minor,
97190,D# minor,
97244,D minor,
97255,C minor,
97246,A minor,
97247,A minor,
97259,C minor,
97285,A major,
97288,D minor,
97291,G major,
97292,E minor,
97294,D minor,
97402,E minor,
97401,C minor,
97404,B minor,
97400,E minor,
97408,D major,
97412,D minor,
97409,G major,
97414,A major,
97524,F minor,
97522,G# minor,
97520,F minor,
97525,G major,
97526,F minor,
97574,Bb minor,
97532,A minor,
97534,C major,
97578,C major,
97589,E major,
97609,D minor,
97603,G minor,
97602,Db major,
97685,E minor,
97681,A minor,
97687,C major,
97800,E minor,
97797,D minor,
97806,A minor,
97818,A major,
97808,A minor,
97823,A minor,
97826,E minor,
97896,C major,
97891,C major,
97882,G minor,
97959,C major,
97958,Bb minor,
97960,A minor,
97961,Eb major,
98077,C major,
98202,D minor,
98204,A minor,
98206,A minor,
98221,Eb major,
98225,C major,
98226,D major,
98357,C major,
98323,D minor,
98358,Ab major,
98361,Bb major,
98362,Eb major,
98369,A minor,
98372,C minor,
98482,C major,
98381,B major,
98484,G major,
98486,A minor,
98487,E minor,
98489,C major,
98488,Bb major,
98490,A minor,
98491,A minor,
98547,E major,
98549,Bb minor,
98548,Bb minor,
98551,G minor,
98567,F# minor,
98553,D minor,
98556,C major,
98552,F# minor,
98569,C minor,
98603,D major,
98604,A major,
98605,G major,
98606,D major,
98610,A major,
98609,F major,
98608,B major,
98611,Bb major,
98615,D minor,
98612,G major,
98616,A minor,
98613,C major,
98618,D minor,
98617,G major,
98620,D minor,
98619,E minor,
98621,Eb major,
98622,E minor,
98624,A minor,
98623,E minor,
98625,A minor,
98702,Bb major,
98626,E minor,
98754,F major,
98627,D major,
98756,G minor,
98760,A major,
98764,C minor,
98761,Db major,
98765,Bb minor,
98771,G minor,
98766,F major,
98837,C major,
98838,Eb major,
98809,B minor,
98840,F minor,
98841,F minor,
98854,E minor,
98856,C major,
98855,Bb minor,
98857,Bb minor,
98859,E major,
98864,C minor,
98860,A minor,
98861,Db major,
98863,D# minor,
98867,Bb major,
98869,C major,
98872,D# minor,
98865,C major,
98874,Bb minor,
98873,D# minor,
98876,E minor,
98878,D# minor,
98880,F# major,
98877,E minor,
98879,Db major,
98906,E minor,
98884,E minor,
98911,D# minor,
98907,D# minor,
98890,C minor,
98891,E minor,
98912,Bb minor,
98916,A minor,
98915,F minor,
98919,B minor,
98921,C major,
98923,A minor,
98922,D minor,
98932,C minor,
98931,D# minor,
98929,G# minor,
98926,D# minor,
98933,G# minor,
98938,C# minor,
98942,C major,
98935,G# minor,
98943,D# minor,
98945,D# minor,
98947,C major,
98948,D minor,
98950,D minor,
98949,D# minor,
98952,D minor,
98953,Bb minor,
98970,Eb major,
98976,Bb minor,
98985,Bb minor,
98987,F minor,
98988,A minor,
98991,D# minor,
98995,C# minor,
98993,E minor,
98998,B minor,
99000,E minor,
99007,D minor,
99002,D# minor,
99010,C minor,
99012,E minor,
99015,D# minor,
99016,E minor,
99017,E minor,
99018,D# minor,
99020,F# major,
99019,Db major,
99021,E minor,
99022,Bb minor,
99023,C major,
99024,Bb minor,
99026,E major,
99031,C minor,
99027,A minor,
99030,D# minor,
99028,Db major,
99034,Bb major,
99035,Db major,
99032,C major,
99033,G major,
99036,C major,
99039,D# minor,
99041,Bb minor,
99040,D# minor,
99049,C major,
99050,A minor,
99051,E minor,
99052,B minor,
99053,C major,
99055,C minor,
99279,A minor,
99281,B minor,
99283,A minor,
99284,A minor,
99288,C major,
99286,A minor,
99300,F major,
99302,C major,
99305,G major,
99309,D# minor,
99486,C# minor,
99311,E minor,
99489,C major,
99488,Bb minor,
99312,G# minor,
99491,A major,
99492,A minor,
99520,C minor,
99494,F major,
99519,A minor,
99522,Db major,
99521,Db major,
99565,D major,
99567,G major,
99524,C major,
99566,D major,
99570,A major,
99569,B minor,
99614,D minor,
99615,G minor,
99616,E minor,
99620,D minor,
99617,D minor,
100523,C minor,
100524,F# minor,
100529,C minor,
100530,C minor,
100539,C major,
100696,D major,
100697,F major,
100698,E major,
100701,C major,
100704,A major,
100527,Bb major,
100709,G major,
100711,D major,
100717,C major,
100715,G major,
100768,C major,
100719,F# major,
100769,F minor,
100774,C major,
100770,E major,
100771,D major,
100778,A minor,
100775,B major,
100776,C major,
100783,F major,
100779,E minor,
100784,G# minor,
100788,G minor,
100787,A minor,
100786,A major,
100790,E major,
100791,E major,
100835,G minor,
100843,A major,
100844,A major,
100848,E major,
100853,F major,
100856,E major,
100857,A major,
100860,C major,
100862,E major,
100865,C major,
100866,C# minor,
100863,D major,
100868,A major,
100876,D major,
101265,F major,
100882,F major,
101266,D major,
101078,B minor,
101272,G major,
101269,F major,
101275,F# major,
101271,E major,
101277,Db major,
101276,G major,
101278,A major,
101394,G major,
101442,F minor,
101443,E minor,
101451,A minor,
101479,C major,
101483,C major,
101507,A major,
101505,Eb major,
101618,F minor,
101715,F# major,
101731,G minor,
101615,C major,
101733,E minor,
101734,A minor,
101738,A minor,
101740,E minor,
101743,Bb major,
102115,G major,
102116,B minor,
102117,Bb minor,
102119,E major,
102118,A minor,
102153,D minor,
102154,E minor,
102157,A minor,
102159,A minor,
102158,F minor,
102160,B minor,
102163,B minor,
102168,B major,
102165,C minor,
102167,C major,
102177,F# major,
102172,E major,
102170,C major,
102184,F minor,
102265,A major,
102204,A minor,
102266,Ab major,
102210,C major,
102268,F major,
102273,C major,
102271,B major,
102270,D major,
102274,C major,
102275,B minor,
102305,D minor,
102342,D major,
102278,D minor,
102343,G major,
102345,F# major,
102353,C major,
103518,C major,
103556,D major,
103519,D major,
103520,G major,
103555,D minor,
103561,C minor,
103557,G minor,
103595,Bb major,
103596,F# major,
103602,F# minor,
103597,E major,
103598,Db major,
103605,C minor,
103621,A minor,
103818,C major,
103739,Bb major,
103819,C minor,
103624,E minor,
103820,D minor,
103821,C minor,
103828,Db major,
103829,G minor,
103830,B minor,
103831,B major,
104182,Bb minor,
104181,C minor,
104183,C# minor,
104184,B major,
104185,F# minor,
104187,Bb minor,
104249,C minor,
104252,F major,
104253,F major,
104282,G minor,
104286,Bb major,
104146,G minor,
104284,A minor,
104287,Db major,
104289,F minor,
104293,F minor,
104290,Ab major,
104294,A major,
104295,A major,
104384,D major,
104385,C major,
104352,D major,
104392,A major,
104386,A major,
104579,Bb major,
104585,D major,
104580,D# minor,
104586,Db major,
104591,G major,
104593,D# minor,
104592,E major,
104596,A minor,
104594,E minor,
104598,B minor,
104680,D major,
104648,G major,
104683,D major,
104600,A minor,
104737,A major,
104738,Db major,
104740,G# minor,
104690,D minor,
104750,Ab major,
104753,Db major,
104764,F major,
104818,C major,
104817,C major,
104763,D minor,
104819,G major,
104823,C major,
104825,C minor,
104930,F# minor,
105011,C major,
105010,D major,
104931,C minor,
105012,F major,
105014,D major,
105015,E minor,
105016,B major,
105017,D major,
105019,D major,
105018,E major,
105028,A major,
105030,Bb major,
105051,Db major,
105050,A major,
105052,Bb major,
105053,Eb major,
105055,F major,
105054,F# major,
105059,F# major,
105081,A minor,
105256,G# minor,
105060,C major,
105365,E minor,
105275,Bb minor,
105292,A major,
105366,E minor,
105367,E minor,
105369,B minor,
105372,D major,
105373,G minor,
105368,G minor,
105379,Bb minor,
105374,F# minor,
105375,F# major,
105377,C major,
105382,G minor,
105383,D# minor,
105381,E minor,
105385,F minor,
105380,B minor,
105536,G minor,
105538,A minor,
105539,D minor,
105540,D minor,
105541,C minor,
105543,D minor,
105544,D minor,
105559,F major,
105663,E major,
105664,A minor,
105560,A minor,
105666,A minor,
105667,D minor,
105668,G minor,
105674,F# minor,
105699,D# minor,
105703,A minor,
105860,C major,
105976,A minor,
106181,E minor,
105758,G minor,
106190,D minor,
105757,G minor,
106194,F# major,
106242,G major,
106243,G major,
106244,F# major,
106245,F# major,
106246,F major,
106247,Eb major,
106248,E major,
106249,F# major,
106250,C major,
106254,C major,
106255,Bb major,
106256,C major,
106251,D major,
106336,F minor,
106303,G# minor,
106385,D# minor,
106387,Eb major,
106391,C minor,
106418,C major,
106392,A minor,
106419,G major,
106393,A minor,
106424,D major,
106426,C major,
106423,A minor,
106433,D major,
106436,A minor,
106495,G minor,
106441,A minor,
106496,D minor,
106576,C# minor,
106514,C minor,
106577,C minor,
106518,C# minor,
106580,C minor,
106578,G minor,
106582,D# minor,
106581,E minor,
106583,C minor,
106584,Bb minor,
106603,Bb minor,
106607,D minor,
106633,F# minor,
106609,B minor,
106637,F# major,
106639,B major,
106667,G# minor,
106703,G minor,
106716,A minor,
106857,Db major,
106878,G# minor,
106880,C minor,
106881,A minor,
106899,D minor,
106909,D minor,
106910,G# minor,
106907,E minor,
106905,G# minor,
106927,C major,
107033,G major,
107034,E major,
106971,C minor,
107036,A major,
107037,D major,
107038,G major,
107039,C major,
107040,D major,
107041,G major,
107042,B minor,
107101,A major,
107102,D minor,
107043,D minor,
107103,E major,
107104,C major,
107105,C major,
107172,D major,
107170,Eb major,
107171,Eb major,
107174,F major,
107173,F minor,
107175,C major,
107222,A minor,
107261,D major,
107259,C major,
107219,E major,
107265,C major,
107342,C# minor,
107344,G major,
107345,Eb major,
107346,G major,
107347,D# minor,
107350,B major,
107348,F# minor,
107351,B major,
107352,C major,
107353,F major,
107354,C minor,
107367,D minor,
107373,D minor,
107376,C major,
107403,D minor,
107383,D minor,
107424,Ab major,
107404,A minor,
107473,Bb major,
107477,G major,
107480,C minor,
107475,B minor,
107482,G major,
107481,G minor,
107499,A minor,
107483,A minor,
107503,D minor,
107505,Bb major,
107502,A minor,
107504,E minor,
107506,F major,
107507,A minor,
107515,Bb major,
107516,C minor,
107519,A major,
107520,F# major,
107517,A minor,
107521,C major,
107522,C major,
107525,E major,
107523,C major,
107524,F# major,
107526,Eb major,
107527,C major,
107529,G major,
107613,A minor,
107614,G minor,
107616,G minor,
107617,E minor,
107764,A minor,
107802,D# minor,
107803,D minor,
107807,D minor,
107852,Ab major,
107853,Bb minor,
107854,B major,
107874,D major,
107872,A minor,
107856,Ab major,
107877,D major,
107881,D minor,
107884,E major,
107878,D major,
107883,D major,
107885,D major,
107891,E major,
107896,E minor,
107892,D major,
107898,B minor,
107917,E minor,
107915,E minor,
107918,A minor,
107914,D minor,
107920,G major,
107922,D# minor,
107921,G minor,
107923,C major,
107930,E minor,
107935,C minor,
107937,A minor,
107936,C minor,
107939,F# minor,
107941,E minor,
107943,G minor,
107946,G minor,
107945,D major,
107949,C# minor,
107950,F minor,
107951,G major,
107953,E minor,
107952,D major,
107954,G major,
107955,E minor,
107956,D major,
107957,D# minor,
107985,A major,
107986,E major,
107987,B major,
107988,C major,
107991,E major,
107989,Ab major,
107993,C major,
107995,B major,
107994,Eb major,
107992,B major,
107996,A minor,
107997,Ab major,
108002,E minor,
108004,A minor,
108006,C major,
108013,F major,
108009,Eb major,
108011,F major,
108010,E minor,
108019,Bb major,
108020,Eb major,
108024,B major,
108021,F major,
108025,Bb major,
108029,C major,
108030,C major,
108031,C major,
108032,C major,
108035,C major,
108046,E major,
108034,C major,
108149,E minor,
108150,D major,
108151,E minor,
108153,E minor,
108152,E minor,
108155,D minor,
108154,C major,
108157,C major,
108156,G major,
108159,D minor,
108158,Eb major,
108160,C major,
108161,F major,
108163,Bb major,
108162,G major,
108164,C major,
108166,A major,
108165,B major,
108167,A major,
108267,F major,
108268,E major,
108269,G major,
108272,B major,
108270,D major,
108279,A minor,
108280,C minor,
108281,Bb major,
108291,F major,
108282,C major,
108294,G minor,
108328,D major,
108295,C major,
108297,A major,
108337,G major,
108367,A minor,
108339,C minor,
108369,C major,
108370,G minor,
108371,E minor,
108373,Eb major,
108374,D major,
108375,C major,
108391,E major,
108376,Ab major,
108393,C major,
108394,Ab major,
108396,F# major,
108395,Ab major,
108397,D major,
108398,D major,
108399,D major,
108400,Eb major,
108401,D major,
108402,D major,
108404,G major,
108403,E major,
108458,G minor,
108456,G major,
108457,F# major,
108461,A major,
108470,F major,
108466,C minor,
108469,C minor,
108471,C minor,
108475,D minor,
108473,Ab major,
108472,E minor,
108476,F minor,
108479,C minor,
108477,C minor,
108480,D minor,
108482,D minor,
108483,G# minor,
108484,C minor,
108505,D major,
108845,D# minor,
108939,C minor,
108938,G minor,
108951,G# minor,
108941,D# minor,
108953,E minor,
108954,C major,
108957,E minor,
108956,G major,
108958,G major,
108959,E minor,
108961,A minor,
108962,A minor,
109007,G major,
109006,G major,
109027,Ab major,
109022,Db major,
109023,Ab major,
109029,Ab major,
109026,Eb major,
109030,Db major,
109032,F major,
109028,Db major,
109033,Eb major,
109031,Ab major,
109034,D major,
109092,A minor,
109095,F minor,
109098,C major,
109101,C major,
109035,Ab major,
109104,C major,
109102,E minor,
109114,G major,
109116,D major,
109118,F major,
109119,C major,
109123,Bb minor,
109124,Bb minor,
109125,Bb minor,
109127,Bb minor,
109193,D minor,
109152,D minor,
109128,Bb minor,
109195,G minor,
109207,B minor,
109200,C major,
109196,C major,
109240,A minor,
109252,D minor,
109296,C major,
109313,D major,
109286,F major,
109293,G minor,
109349,G minor,
109472,B major,
109441,F# major,
109501,D minor,
109515,D major,
109514,G major,
109516,F major,
109518,G major,
109517,G major,
109520,D major,
109521,F major,
109522,A major,
109523,B major,
109634,D major,
109277,E minor,
109635,C major,
109671,C minor,
109673,A major,
109674,A minor,
109688,C major,
109690,F# major,
109691,E major,
109897,F major,
109927,C minor,
109717,C minor,
109926,D minor,
109929,D major,
109932,C# minor,
109930,F# minor,
109956,D major,
109933,A minor,
109934,G# minor,
5045,D minor,
18691,Ab major,
14739,E minor,
20934,A major,
29448,D major,
39055,G minor,
62903,Bb major,
110544,A minor,
91735,C# minor,
103522,C major,
110943,G major,
110983,E major,
110982,C major,
110980,G major,
110981,E minor,
111208,A minor,
111211,B minor,
111213,B minor,
111269,D minor,
111270,E major,
111271,G major,
111274,E minor,
111272,C major,
111273,E minor,
111275,D major,
111277,C major,
111279,D major,
111276,A major,
111278,E minor,
111667,A minor,
111902,E major,
111904,E major,
111906,Db major,
111905,E major,
111910,F minor,
111907,D major,
111908,D major,
111909,E major,
112313,A major,
111911,E major,
112314,B major,
112315,F# major,
112318,F major,
112352,E minor,
112316,D minor,
112353,F major,
112355,G minor,
112357,A major,
112358,A minor,
112359,E minor,
112361,C minor,
112363,G major,
112362,G minor,
112364,G minor,
112369,C minor,
112535,C minor,
112559,F# minor,
112560,F# major,
112562,D# minor,
112563,D# minor,
112564,D minor,
112565,C minor,
112567,Db major,
112566,D# minor,
113298,G major,
113326,G# minor,
113327,B minor,
114198,D minor,
113955,G minor,
114322,D minor,
114200,D minor,
114201,D minor,
114312,A minor,
114861,F# major,
115358,C minor,
115357,A minor,
115356,D minor,
115359,A minor,
115361,A minor,
115363,A minor,
115366,C minor,
115362,G minor,
115364,C minor,
115367,C minor,
115368,C minor,
115371,C minor,
115369,A minor,
115373,C minor,
115372,C major,
115375,G minor,
115370,C minor,
115377,C minor,
115378,A minor,
115376,C minor,
115382,C major,
115379,A minor,
115380,C minor,
115381,C major,
115383,G minor,
115385,C major,
115384,C minor,
115386,C major,
115387,G minor,
115389,F# major,
115388,C major,
115391,F minor,
115392,D minor,
115665,D major,
115663,E minor,
115664,D# minor,
115666,D minor,
115667,A minor,
115668,F# minor,
115669,A minor,
115670,A minor,
115671,C major,
115672,C major,
115673,D major,
115674,G major,
115675,G major,
115676,E minor,
115677,G major,
115678,G major,
115680,D minor,
115681,Db major,
115679,D minor,
116456,B minor,
116563,Bb minor,
116549,C major,
116565,G major,
116570,C# minor,
116571,D minor,
116574,C minor,
116575,E minor,
117517,G major,
117881,G major,
116577,D minor,
117519,C major,
118591,Bb major,
118592,G major,
118593,E major,
118594,D major,
118595,Bb major,
119049,E minor,
118598,E major,
119050,F major,
119232,B major,
118599,C# minor,
119233,E major,
119234,E major,
119237,D major,
119241,E minor,
119238,D minor,
119239,E major,
119243,G major,
119242,G major,
120424,Bb major,
119244,G major,
120425,G major,
120426,E major,
120428,G major,
120427,A major,
120429,C major,
120430,Ab major,
121207,D minor,
120431,G major,
121208,A minor,
121213,Db major,
121209,C minor,
121216,C major,
121256,C# minor,
122041,D minor,
122048,D# minor,
122047,G# minor,
122465,E major,
122464,F major,
122050,F# minor,
122049,A minor,
122466,F# major,
122467,C# minor,
122470,B major,
122468,Ab major,
122471,G major,
122472,C# minor,
122625,C minor,
122628,F# minor,
122635,D major,
122631,D minor,
122713,C major,
122765,Bb minor,
122883,Bb major,
122767,C minor,
122999,A major,
123000,B minor,
123431,D major,
123563,G major,
123470,C minor,
123739,G minor,
123741,G major,
123742,C major,
123743,Db major,
123903,G# minor,
123943,E major,
123823,E major,
123944,A minor,
123945,E minor,
123946,G minor,
123951,C major,
123947,F major,
123952,F major,
123954,E major,
123955,G major,
123958,G minor,
123960,C major,
123961,A minor,
123962,E minor,
124137,C major,
123963,G major,
124184,C# minor,
124185,C# minor,
124186,C# minor,
124523,A minor,
124525,G major,
124526,C minor,
124527,E minor,
124528,A major,
124530,Ab major,
124710,G# minor,
124765,C# minor,
124856,D minor,
124864,B minor,
124911,C minor,
